,Season,Pos,Team,Pts,clearances_avg,corners_avg,fouls_conceded_avg,offsides_avg,possession_avg,red_cards_avg,shots_avg,shots_on_target_avg,yellow_cards_avg,goals_scored_ft_avg,goals_conced_ft_avg,sg_match_ft_acum,wins,losses,goals,total_red_card,total_scoring_att,ontarget_scoring_att,hit_woodwork,att_hd_goal,att_pen_goal,att_freekick_goal,att_ibox_goal,att_obox_goal,goal_fastbreak,clean_sheet,goals_conceded,saves,outfielder_block,interception,total_tackle,last_man_tackle,total_clearance,head_clearance,own_goals,penalty_conceded,pen_goals_conceded,total_pass,total_through_ball,total_long_balls,backward_pass,total_cross,big_chance_missed,clearance_off_line,dispossessed,penalty_save,total_high_claim,punches,Market Value,Market%,Att,Mid,Def,Ovr,Ovr_%,Def_%,Mid_%,Att_%,Expenditure,Income,Balance,Exp_%,Income_%,Balance_%,pass_interception,%_backwards
0,10/11,1,Manchester United,80,27.9,6.4,11.2,2.7,56.0,0.1,16.2,5.5,1.5,2.0,0.95,39.0,23.0,4.0,78.0,3.0,618.0,212.0,15.0,18.0,3.0,1.0,71.0,7.0,5.0,15.0,37.0,0.0,107.0,646.0,693.0,17.0,1053.0,634.0,1.0,6.0,5.0,18870.0,212.0,2279.0,2411.0,1005.0,50.0,2.0,471.0,0.0,45.0,16.0,369.5,0.11456192079570153,85.0,82.0,82.0,82.0,0.05348988910632746,0.05384110308601445,0.053385416666666664,0.05452212957023733,29.3,16.97,-12.330000000000002,0.04177776510344631,0.04955178555785907,0.03435880287577329,0.03286034353995519,0.12776894541600423
1,10/11,5,Tottenham Hotspur,62,35.8,6.7,10.5,1.5,53.5,0.1,17.1,5.0,1.4,1.43,1.22,8.0,16.0,8.0,55.0,2.0,657.0,191.0,15.0,10.0,5.0,0.0,40.0,15.0,3.0,8.0,46.0,0.0,139.0,661.0,754.0,16.0,1363.0,800.0,1.0,6.0,4.0,16791.0,111.0,2407.0,2142.0,954.0,51.0,6.0,560.0,2.0,68.0,50.0,282.7,0.08764994589700899,80.0,81.0,79.0,80.0,0.05218525766470972,0.051871306631648066,0.052734375,0.05131494547787043,26.6,2.94,-23.66,0.03792793691985228,0.008584693549799982,0.0659310037340467,0.03286219081272085,0.12756834018224048
2,10/11,7,Everton,54,33.3,6.5,13.1,2.1,51.1,0.1,15.4,4.8,1.4,1.35,1.22,5.0,13.0,10.0,51.0,5.0,580.0,181.0,8.0,14.0,3.0,2.0,43.0,8.0,4.0,9.0,45.0,0.0,149.0,470.0,768.0,12.0,1265.0,652.0,2.0,2.0,2.0,14371.0,72.0,2232.0,2089.0,1019.0,47.0,2.0,525.0,0.0,51.0,30.0,176.4,0.05469207801992355,80.0,79.0,78.0,78.0,0.050880626223091974,0.05121470781352593,0.051432291666666664,0.05131494547787043,1.7,6.6,4.8999999999999995,0.0024239658933740177,0.019271761030163224,-0.013654349885749316,0.03949919224555735,0.14536218773919699
3,10/11,8,Fulham,49,40.2,5.0,12.8,2.6,50.7,0.0,14.5,4.6,1.4,1.27,1.11,6.0,11.0,11.0,49.0,1.0,547.0,172.0,10.0,15.0,2.0,2.0,42.0,7.0,2.0,14.0,43.0,0.0,120.0,668.0,799.0,5.0,1513.0,878.0,5.0,1.0,0.0,16345.0,119.0,2059.0,2563.0,865.0,38.0,12.0,559.0,1.0,82.0,37.0,100.25,0.031082090824814827,79.0,76.0,77.0,77.0,0.0502283105022831,0.050558108995403805,0.049479166666666664,0.05067350865939705,11.05,12.81,1.7599999999999998,0.015755778306931117,0.03740473618127135,-0.004904419550799754,0.03360599863667348,0.15680636280208016
4,10/11,9,Aston Villa,48,29.6,6.1,12.2,2.4,48.9,0.1,13.4,4.4,1.9,1.27,1.59,-12.0,12.0,14.0,48.0,2.0,506.0,165.0,19.0,13.0,4.0,2.0,42.0,6.0,4.0,7.0,59.0,0.0,183.0,667.0,844.0,16.0,1116.0,621.0,1.0,4.0,4.0,14611.0,123.0,1970.0,1901.0,973.0,57.0,7.0,350.0,0.0,30.0,25.0,142.15,0.04407300958351549,78.0,80.0,78.0,78.0,0.050880626223091974,0.05121470781352593,0.052083333333333336,0.05003207184092367,37.4,28.4,-9.0,0.05332724965422839,0.08292697170555084,0.025079418157498746,0.033818663136995365,0.13010745328861817
5,10/11,12,Newcastle United,46,27.4,5.3,12.7,2.1,50.1,0.1,13.2,4.3,2.1,1.43,1.46,-1.0,11.0,14.0,56.0,2.0,507.0,168.0,10.0,15.0,5.0,0.0,50.0,6.0,1.0,9.0,57.0,0.0,134.0,608.0,666.0,11.0,1025.0,598.0,2.0,6.0,5.0,14194.0,95.0,2104.0,2041.0,1022.0,62.0,7.0,527.0,0.0,56.0,26.0,78.75,0.02441610625889444,75.0,73.0,71.0,74.0,0.04827136333985649,0.046618516086671044,0.047526041666666664,0.04810776138550353,13.98,41.75,27.77,0.019933554817275746,0.12190848833474464,-0.07738393802597113,0.03916797488226059,0.14379315203607157
6,10/11,13,Stoke City,46,35.0,5.0,11.7,1.9,39.0,0.1,12.6,3.7,1.8,1.24,1.27,-1.0,13.0,18.0,46.0,2.0,482.0,143.0,20.0,11.0,3.0,2.0,42.0,4.0,4.0,9.0,48.0,0.0,156.0,532.0,716.0,13.0,1316.0,791.0,2.0,5.0,3.0,10349.0,58.0,2062.0,1382.0,766.0,39.0,5.0,449.0,2.0,64.0,20.0,82.0,0.02542375508862659,76.0,73.0,75.0,74.0,0.04827136333985649,0.04924491135915955,0.047526041666666664,0.048749198203976905,21.1,6.78,-14.32,0.030085694323642224,0.019797354512804042,0.039904140890598,0.04887820512820513,0.13353947241279351
7,10/11,14,Bolton Wanderers,46,39.0,5.2,13.5,1.5,46.6,0.1,15.0,4.6,1.8,1.41,1.46,-2.0,12.0,16.0,52.0,5.0,570.0,173.0,9.0,10.0,4.0,1.0,44.0,8.0,3.0,5.0,56.0,0.0,150.0,627.0,939.0,17.0,1466.0,854.0,0.0,6.0,3.0,12704.0,104.0,2360.0,1579.0,850.0,42.0,10.0,418.0,2.0,46.0,22.0,83.25,0.025811312330831265,76.0,76.0,75.0,75.0,0.04892367906066536,0.04924491135915955,0.049479166666666664,0.048749198203976905,5.4,1.4,-4.0,0.007699656367188057,0.004087949309428562,0.011146408069999442,0.03409961685823755,0.12429156171284635
8,10/11,17,Wolverhampton Wanderers,40,31.9,6.3,12.5,2.5,50.4,0.1,12.0,3.6,1.6,1.19,1.7,-19.0,11.0,20.0,46.0,2.0,459.0,139.0,14.0,10.0,3.0,1.0,41.0,5.0,1.0,5.0,66.0,0.0,151.0,520.0,677.0,11.0,1205.0,663.0,2.0,4.0,4.0,14823.0,82.0,2350.0,2256.0,1104.0,29.0,7.0,426.0,0.0,84.0,19.0,71.0,0.022013251357225462,76.0,72.0,73.0,73.0,0.047619047619047616,0.0479317137229153,0.046875,0.048749198203976905,20.22,6.44,-13.779999999999998,0.02883093550824861,0.01880456682337139,0.03839937580114807,0.041436925647451966,0.1521959117587533
9,10/11,20,West Ham United,33,36.1,4.8,12.2,3.1,44.7,0.0,14.9,4.5,1.6,1.16,1.81,-24.0,7.0,19.0,43.0,1.0,572.0,174.0,18.0,9.0,5.0,0.0,38.0,5.0,1.0,5.0,70.0,0.0,184.0,583.0,783.0,13.0,1353.0,723.0,2.0,6.0,5.0,13367.0,126.0,2126.0,1903.0,814.0,44.0,9.0,574.0,1.0,39.0,41.0,116.65,0.03616684184254015,74.0,76.0,74.0,75.0,0.04892367906066536,0.048588312541037425,0.049479166666666664,0.04746632456703015,18.03,4.95,-13.080000000000002,0.02570829709266679,0.014453820772622418,0.036448754388898184,0.040483162518301606,0.14236552704421337
10,11/12,1,Manchester City,89,25.0,6.8,11.5,2.3,57.5,0.1,18.8,6.4,1.4,2.43,0.73,63.0,28.0,5.0,93.0,5.0,738.0,250.0,21.0,10.0,7.0,1.0,73.0,20.0,6.0,17.0,29.0,1.0,111.0,631.0,694.0,6.0,930.0,525.0,2.0,3.0,2.0,20863.0,321.0,1734.0,2937.0,843.0,65.0,6.0,480.0,1.0,39.0,21.0,443.0,0.13460095223337312,85.0,84.0,81.0,83.0,0.054177545691906005,0.053465346534653464,0.05465191932335719,0.05452212957023733,91.05,31.2,-59.849999999999994,0.14247711446678665,0.07303798209164862,0.2824778761061947,0.03207547169811321,0.14077553563725256
11,11/12,4,Tottenham Hotspur,69,27.6,7.3,9.9,2.5,56.8,0.1,18.5,6.1,1.2,1.73,1.11,23.0,20.0,9.0,66.0,3.0,701.0,230.0,12.0,5.0,4.0,1.0,52.0,14.0,5.0,14.0,41.0,0.0,122.0,716.0,733.0,12.0,1045.0,561.0,1.0,1.0,1.0,19564.0,164.0,2323.0,2944.0,846.0,62.0,6.0,539.0,0.0,28.0,12.0,301.3,0.09154687789597139,82.0,85.0,77.0,81.0,0.05287206266318538,0.050825082508250824,0.05530253741054001,0.05259781911481719,9.0,43.25,34.25,0.014083405054377593,0.10124656171358343,-0.1616519174041298,0.029813664596273295,0.15048047434062564
12,11/12,6,Chelsea,64,23.6,6.6,11.2,1.8,55.7,0.1,17.6,5.9,2.0,1.7,1.22,18.0,18.0,10.0,65.0,4.0,671.0,224.0,20.0,12.0,4.0,0.0,60.0,5.0,2.0,10.0,46.0,1.0,111.0,637.0,698.0,5.0,881.0,477.0,1.0,6.0,4.0,18766.0,158.0,2021.0,2886.0,972.0,37.0,10.0,571.0,0.0,70.0,17.0,405.0,0.12305504662418988,86.0,83.0,83.0,83.0,0.054177545691906005,0.05478547854785479,0.054001301236174366,0.055163566388710714,96.45,31.56,-64.89,0.1509271574994132,0.07388072803885995,0.3062654867256637,0.033183520599250935,0.15378876691889587
13,11/12,7,Everton,56,29.8,4.8,12.5,3.1,48.0,0.0,13.6,4.2,1.6,1.27,1.05,8.0,15.0,12.0,50.0,2.0,520.0,164.0,12.0,9.0,5.0,1.0,42.0,8.0,1.0,12.0,40.0,2.0,145.0,617.0,624.0,6.0,1130.0,555.0,3.0,4.0,1.0,15063.0,67.0,2048.0,2108.0,877.0,43.0,2.0,487.0,2.0,57.0,25.0,171.3,0.05204772712771291,79.0,76.0,78.0,76.0,0.04960835509138381,0.05148514851485148,0.0494469746258946,0.05067350865939705,7.2,26.8,19.6,0.011266724043502074,0.06273775384795459,-0.09250737463126844,0.041901692183722805,0.13994556197304653
14,11/12,10,West Bromwich Albion,47,25.5,5.5,11.1,3.4,45.9,0.0,14.4,4.4,1.3,1.16,1.32,-6.0,13.0,17.0,45.0,1.0,544.0,167.0,13.0,9.0,1.0,2.0,35.0,10.0,3.0,10.0,52.0,4.0,167.0,556.0,683.0,6.0,960.0,521.0,2.0,9.0,7.0,14691.0,69.0,1776.0,2094.0,783.0,34.0,7.0,419.0,2.0,60.0,19.0,76.75,0.02331969093433722,75.0,73.0,73.0,74.0,0.048302872062663184,0.048184818481848184,0.04749512036434613,0.04810776138550353,9.14,11.12,1.9799999999999986,0.014302480244112356,0.0260314859249722,-0.009345132743362825,0.043664245359160615,0.14253624668164183
15,11/12,11,Swansea City,47,27.8,5.3,8.4,1.8,57.9,0.1,12.4,3.8,1.1,1.16,1.38,-8.0,12.0,15.0,44.0,2.0,472.0,145.0,14.0,7.0,5.0,1.0,36.0,8.0,1.0,14.0,51.0,0.0,146.0,579.0,709.0,3.0,1048.0,439.0,2.0,3.0,1.0,20795.0,105.0,2121.0,3726.0,721.0,36.0,3.0,518.0,2.0,69.0,22.0,29.95,0.009099996657764165,73.0,69.0,69.0,71.0,0.04634464751958225,0.04554455445544554,0.044892648015614836,0.04682488774855677,12.85,0.455,-12.395,0.020107972772083562,0.0010651372388365424,0.05850147492625368,0.03268633540372671,0.17917768694397693
16,11/12,12,Norwich City,47,38.3,4.2,10.8,1.9,46.5,0.1,13.3,4.2,1.5,1.35,1.78,-16.0,12.0,15.0,52.0,3.0,514.0,164.0,7.0,15.0,2.0,1.0,47.0,5.0,4.0,3.0,66.0,0.0,157.0,468.0,692.0,6.0,1451.0,767.0,1.0,7.0,5.0,15165.0,51.0,2430.0,2420.0,863.0,30.0,9.0,379.0,2.0,56.0,20.0,21.83,0.0066328189328544816,73.0,70.0,68.0,70.0,0.04569190600522193,0.044884488448844885,0.04554326610279766,0.04682488774855677,15.25,0.5,-14.75,0.023863547453250922,0.0011704804822379586,0.0696165191740413,0.046120689655172416,0.15957797560171447
17,11/12,13,Sunderland,45,30.6,4.9,10.7,2.1,44.8,0.1,12.2,3.8,1.5,1.22,1.22,0.0,11.0,15.0,45.0,4.0,458.0,141.0,11.0,8.0,1.0,5.0,32.0,13.0,3.0,12.0,46.0,0.0,194.0,652.0,824.0,7.0,1158.0,600.0,2.0,5.0,3.0,13913.0,45.0,2135.0,2159.0,864.0,39.0,8.0,423.0,1.0,65.0,26.0,119.2,0.03621768285828009,80.0,76.0,75.0,76.0,0.04960835509138381,0.04950495049504951,0.0494469746258946,0.05131494547787043,27.92,26.33,-1.5900000000000034,0.04368985212424693,0.061637502194650896,0.007504424778761078,0.03739837398373984,0.15517860993315605
18,11/12,14,Stoke City,45,49.8,4.4,11.9,1.6,40.0,0.1,9.7,2.4,1.6,0.92,1.38,-17.0,11.0,15.0,36.0,2.0,376.0,94.0,7.0,14.0,4.0,0.0,33.0,3.0,1.0,9.0,53.0,11.0,157.0,461.0,655.0,4.0,1910.0,959.0,3.0,7.0,7.0,10831.0,23.0,2194.0,1699.0,826.0,33.0,4.0,460.0,0.0,68.0,23.0,94.0,0.028560924401663825,77.0,76.0,77.0,76.0,0.04960835509138381,0.050825082508250824,0.0494469746258946,0.04939063502245029,24.8,1.99,-22.810000000000002,0.03880760503872937,0.004658512319307076,0.10765781710914456,0.053763440860215055,0.15686455544271075
19,11/12,15,Wigan Athletic,43,24.6,5.5,12.7,1.9,50.2,0.1,13.6,4.2,1.8,1.05,1.62,-21.0,11.0,17.0,42.0,3.0,519.0,162.0,13.0,6.0,5.0,1.0,29.0,13.0,2.0,8.0,62.0,0.0,129.0,578.0,729.0,7.0,925.0,413.0,1.0,8.0,4.0,15715.0,55.0,2154.0,2322.0,744.0,41.0,3.0,414.0,4.0,42.0,23.0,70.8,0.02151184518763616,71.0,73.0,71.0,73.0,0.047650130548302874,0.04686468646864687,0.04749512036434613,0.045542014111610005,12.38,11.29,-1.0900000000000016,0.01937250606368829,0.026429449288933104,0.0051445427728613645,0.03810252486610558,0.14775692013999364
20,12/13,2,Manchester City,78,28.2,7.1,12.4,2.0,58.0,0.1,17.5,6.2,1.6,1.73,0.84,33.0,23.0,6.0,66.0,3.0,660.0,231.0,16.0,6.0,4.0,2.0,57.0,9.0,6.0,18.0,34.0,1.0,111.0,492.0,683.0,3.0,1068.0,551.0,2.0,2.0,1.0,20061.0,161.0,1613.0,2720.0,860.0,86.0,6.0,515.0,1.0,28.0,23.0,489.25,0.1452577824621825,85.0,83.0,81.0,83.0,0.05435494433529797,0.05364238410596026,0.05478547854785479,0.05490956072351421,61.95,44.3,-17.650000000000006,0.07993135838150289,0.1189134052719171,0.043850931677018645,0.03574468085106383,0.13558646129305618
21,12/13,3,Chelsea,75,26.1,6.3,10.6,2.1,54.7,0.1,16.3,5.6,1.3,1.97,1.03,35.0,22.0,7.0,75.0,3.0,626.0,212.0,7.0,16.0,9.0,3.0,64.0,11.0,3.0,14.0,39.0,6.0,104.0,504.0,710.0,4.0,981.0,603.0,2.0,1.0,0.0,18425.0,52.0,2008.0,2790.0,863.0,45.0,1.0,434.0,0.0,53.0,29.0,392.0,0.11638436530439558,81.0,81.0,81.0,82.0,0.053700065487884745,0.05364238410596026,0.053465346534653464,0.05232558139534884,109.7,25.45,-84.25,0.14154108175061933,0.06831481183228647,0.2093167701863354,0.03731466227347611,0.1514246947082768
22,12/13,5,Tottenham Hotspur,72,42.1,6.7,10.4,2.0,52.6,0.1,17.5,6.1,1.5,1.76,1.24,19.0,21.0,8.0,66.0,2.0,681.0,241.0,17.0,6.0,0.0,2.0,50.0,16.0,6.0,9.0,46.0,0.0,90.0,721.0,745.0,8.0,1595.0,870.0,1.0,3.0,3.0,16647.0,101.0,2028.0,2542.0,884.0,41.0,6.0,466.0,0.0,44.0,30.0,273.0,0.08105339726556121,81.0,80.0,79.0,80.0,0.05239030779305828,0.05231788079470199,0.052805280528052806,0.05232558139534884,73.25,72.78,-0.46999999999999886,0.0945112510322048,0.195361571911741,0.0011677018633540345,0.03233287858117326,0.1527001862197393
23,12/13,7,Liverpool,61,24.4,7.3,10.7,2.9,56.9,0.1,19.2,6.1,1.4,1.89,1.16,27.0,16.0,9.0,71.0,2.0,739.0,232.0,19.0,9.0,5.0,3.0,59.0,12.0,1.0,16.0,43.0,0.0,107.0,526.0,795.0,2.0,914.0,448.0,1.0,5.0,4.0,19802.0,101.0,2040.0,3004.0,794.0,61.0,3.0,529.0,1.0,38.0,23.0,220.6,0.06549589537283078,79.0,80.0,79.0,79.0,0.051735428945645055,0.05231788079470199,0.052805280528052806,0.05103359173126615,70.6,10.45,-60.14999999999999,0.09109207266721717,0.028050679121705047,0.14944099378881986,0.03262679788039364,0.1517018482981517
24,12/13,8,West Bromwich Albion,49,28.8,5.4,11.5,2.6,46.1,0.1,13.2,4.4,1.7,1.3,1.41,-4.0,14.0,17.0,53.0,4.0,506.0,170.0,15.0,13.0,5.0,0.0,46.0,7.0,5.0,8.0,57.0,2.0,158.0,377.0,698.0,1.0,1079.0,670.0,3.0,6.0,5.0,14367.0,30.0,1896.0,2123.0,778.0,39.0,3.0,455.0,1.0,77.0,15.0,84.0,0.02493950685094191,74.0,75.0,71.0,74.0,0.04846103470857891,0.04701986754966887,0.04950495049504951,0.04780361757105943,5.0,3.73,-1.27,0.006451279933938894,0.010012347667364578,0.00315527950310559,0.05013953488372093,0.14776919329017887
25,12/13,9,Swansea City,46,36.4,5.0,10.7,2.2,55.1,0.1,12.9,4.2,1.5,1.27,1.3,-1.0,11.0,14.0,47.0,2.0,504.0,167.0,11.0,7.0,0.0,1.0,41.0,6.0,2.0,10.0,51.0,0.0,157.0,697.0,686.0,2.0,1353.0,695.0,1.0,5.0,4.0,19943.0,79.0,2024.0,3599.0,790.0,42.0,10.0,361.0,1.0,51.0,25.0,72.0,0.02137672015795021,73.0,73.0,73.0,74.0,0.04846103470857891,0.048344370860927154,0.048184818481848184,0.047157622739018086,20.47,32.6,12.130000000000003,0.02641154004954583,0.08750738175766361,-0.030136645962732925,0.032465654374548084,0.18046432332146617
26,12/13,10,West Ham United,46,40.2,5.5,12.4,2.1,43.6,0.0,12.7,4.0,1.9,1.11,1.38,-10.0,12.0,16.0,45.0,1.0,492.0,158.0,9.0,9.0,4.0,2.0,38.0,7.0,2.0,11.0,53.0,2.0,166.0,459.0,728.0,4.0,1520.0,788.0,1.0,2.0,2.0,12582.0,26.0,1910.0,2111.0,1014.0,38.0,4.0,493.0,0.0,36.0,6.0,88.45,0.026260706916259667,75.0,73.0,71.0,73.0,0.04780615586116568,0.04701986754966887,0.048184818481848184,0.04844961240310078,23.9,5.05,-18.849999999999998,0.03083711808422791,0.013555591345895741,0.04683229813664596,0.04751474304970514,0.1677793673501828
27,12/13,14,Southampton,41,33.6,5.6,10.8,2.2,52.2,0.1,13.6,4.3,1.2,1.3,1.59,-11.0,9.0,15.0,49.0,2.0,516.0,167.0,16.0,9.0,3.0,2.0,45.0,4.0,2.0,7.0,60.0,0.0,109.0,779.0,819.0,21.0,1275.0,566.0,5.0,5.0,2.0,16810.0,247.0,1826.0,2578.0,917.0,41.0,3.0,477.0,3.0,56.0,16.0,57.9,0.01719044579368496,73.0,70.0,72.0,72.0,0.047151277013752456,0.04768211920529802,0.0462046204620462,0.047157622739018086,41.5,0.0,-41.5,0.053545623451692816,0.0,0.1031055900621118,0.029912390488110136,0.1533610945865556
28,12/13,16,Newcastle United,41,42.2,5.4,12.1,2.2,48.6,0.1,14.2,4.7,1.9,1.22,1.81,-22.0,11.0,19.0,45.0,4.0,533.0,174.0,12.0,6.0,4.0,3.0,34.0,11.0,2.0,6.0,68.0,0.0,115.0,478.0,732.0,9.0,1584.0,741.0,1.0,4.0,4.0,14599.0,84.0,2285.0,2364.0,941.0,44.0,5.0,506.0,0.0,74.0,38.0,154.95,0.046004483173255346,82.0,77.0,76.0,77.0,0.0504256712508186,0.05033112582781457,0.050825082508250824,0.05297157622739018,31.97,14.8,-17.169999999999998,0.041249483897605285,0.03972727760777366,0.042658385093167696,0.04247933884297521,0.16192889923967396
29,12/13,18,Wigan Athletic,36,23.8,5.2,11.9,2.2,54.4,0.1,13.1,4.5,1.7,1.22,1.92,-26.0,9.0,20.0,47.0,2.0,500.0,170.0,7.0,9.0,1.0,2.0,42.0,5.0,3.0,5.0,73.0,0.0,135.0,692.0,716.0,3.0,901.0,423.0,3.0,7.0,6.0,17927.0,54.0,2048.0,2773.0,813.0,36.0,5.0,418.0,1.0,41.0,28.0,73.0,0.021673619049032852,72.0,70.0,74.0,73.0,0.04780615586116568,0.04900662251655629,0.0462046204620462,0.046511627906976744,10.54,13.25,2.710000000000001,0.013599298100743187,0.03556665056101358,-0.006732919254658387,0.03238636363636364,0.15468288057120544
30,13/14,1,Manchester City,86,24.9,7.3,10.5,1.5,57.3,0.0,17.4,6.2,1.9,2.7,1.0,63.0,27.0,6.0,102.0,1.0,673.0,238.0,19.0,10.0,6.0,5.0,86.0,16.0,5.0,16.0,37.0,88.0,61.0,496.0,756.0,8.0,938.0,531.0,2.0,1.0,1.0,20761.0,120.0,1791.0,3195.0,892.0,59.0,0.0,411.0,0.0,64.0,31.0,472.75,0.1285125168880806,84.0,83.0,81.0,83.0,0.05439056356487549,0.054,0.05474934036939314,0.054474708171206226,115.5,11.3,-104.2,0.12494455923237525,0.027814015310015507,0.20110394873972287,0.034105431309904156,0.1538943210827995
31,13/14,2,Liverpool,84,35.5,5.9,10.9,2.0,55.5,0.0,17.2,6.8,1.4,2.68,1.32,50.0,26.0,6.0,101.0,1.0,651.0,258.0,27.0,14.0,10.0,6.0,82.0,19.0,9.0,10.0,50.0,107.0,127.0,465.0,848.0,3.0,1339.0,750.0,6.0,4.0,3.0,19599.0,191.0,1895.0,2959.0,643.0,64.0,5.0,427.0,1.0,36.0,29.0,254.0,0.06904744429311999,78.0,79.0,79.0,79.0,0.051769331585845346,0.05266666666666667,0.052110817941952506,0.05058365758754864,58.1,32.5,-25.6,0.06285089949264937,0.07999606173234548,0.04940749604354036,0.033891850723533894,0.15097709066789122
32,13/14,6,Tottenham Hotspur,69,25.8,6.1,10.7,1.5,54.9,0.1,15.6,5.0,1.8,1.41,1.38,1.0,21.0,11.0,55.0,4.0,588.0,192.0,12.0,6.0,5.0,2.0,45.0,10.0,4.0,14.0,51.0,106.0,81.0,560.0,750.0,4.0,974.0,585.0,3.0,5.0,3.0,17933.0,41.0,2121.0,2596.0,849.0,64.0,3.0,598.0,1.0,41.0,38.0,370.5,0.10071684295512187,82.0,79.0,78.0,81.0,0.05307994757536042,0.052,0.052110817941952506,0.05317769130998703,122.55,138.4,15.850000000000009,0.13257104531539035,0.34066015211558814,-0.03059018798008262,0.03442748091603053,0.14476105503819772
33,13/14,8,Southampton,56,32.0,5.5,11.5,2.6,58.6,0.0,14.0,4.7,1.5,1.43,1.22,8.0,15.0,12.0,54.0,0.0,534.0,179.0,16.0,10.0,3.0,2.0,46.0,8.0,2.0,15.0,46.0,85.0,66.0,528.0,805.0,6.0,1201.0,638.0,1.0,3.0,3.0,19577.0,80.0,2401.0,3121.0,877.0,37.0,1.0,522.0,0.0,50.0,18.0,108.5,0.029494676007100467,78.0,73.0,71.0,74.0,0.04849279161205767,0.04733333333333333,0.048153034300791556,0.05058365758754864,39.6,4.2,-35.4,0.04283813459395723,0.010337952593103108,0.06832130312270815,0.031057764441110275,0.15942177044490985
34,13/14,14,Sunderland,38,23.7,4.9,11.8,1.9,46.0,0.2,12.7,3.6,1.8,1.08,1.54,-17.0,10.0,20.0,41.0,7.0,491.0,138.0,10.0,7.0,6.0,1.0,37.0,4.0,4.0,11.0,60.0,160.0,144.0,414.0,702.0,2.0,903.0,510.0,6.0,2.0,2.0,14457.0,41.0,2092.0,2254.0,749.0,29.0,3.0,411.0,0.0,71.0,20.0,109.1,0.029657780206218072,76.0,75.0,72.0,74.0,0.04849279161205767,0.048,0.04947229551451187,0.04928664072632944,33.91,22.38,-11.529999999999998,0.036682857173764884,0.05508651881753513,0.022252673022735165,0.04838709677419355,0.15591063152797952
35,13/14,16,Hull City,37,27.6,4.2,11.2,2.3,45.3,0.1,11.2,3.5,1.4,1.03,1.38,-13.0,10.0,21.0,38.0,4.0,427.0,132.0,16.0,10.0,2.0,1.0,30.0,8.0,2.0,10.0,53.0,106.0,146.0,616.0,723.0,4.0,1048.0,588.0,2.0,4.0,3.0,15267.0,22.0,2181.0,2431.0,853.0,31.0,6.0,413.0,1.0,24.0,24.0,54.5,0.014815298086515903,72.0,73.0,70.0,71.0,0.04652686762778506,0.04666666666666667,0.048153034300791556,0.04669260700389105,31.1,0.88,-30.220000000000002,0.033643080451314894,0.0021660472099835084,0.058324005095148033,0.040851381628080656,0.1592323311718085
36,13/14,17,West Bromwich Albion,36,31.3,4.8,11.5,2.4,46.3,0.0,12.7,3.8,1.8,1.14,1.54,-15.0,7.0,16.0,43.0,0.0,487.0,146.0,6.0,6.0,2.0,0.0,35.0,8.0,1.0,7.0,59.0,114.0,125.0,595.0,701.0,1.0,1176.0,712.0,2.0,7.0,5.0,14704.0,41.0,1942.0,2036.0,834.0,35.0,0.0,514.0,2.0,65.0,14.0,81.25,0.022087026963842515,75.0,75.0,72.0,75.0,0.0491480996068152,0.048,0.04947229551451187,0.048638132295719845,15.7,11.4,-4.299999999999999,0.016983805886998195,0.028060157038422722,0.008298915351063417,0.041435185185185186,0.1384657236126224
37,13/14,18,Norwich City,33,28.4,5.2,11.3,1.2,45.9,0.1,12.3,3.9,1.6,0.76,1.62,-32.0,8.0,21.0,28.0,2.0,467.0,148.0,15.0,7.0,1.0,1.0,19.0,9.0,1.0,12.0,62.0,125.0,154.0,529.0,675.0,4.0,1071.0,472.0,3.0,4.0,4.0,14747.0,58.0,2105.0,2264.0,818.0,37.0,10.0,489.0,0.0,72.0,11.0,86.05,0.023391860556783366,75.0,74.0,73.0,74.0,0.04849279161205767,0.048666666666666664,0.048812664907651716,0.048638132295719845,30.05,4.84,-25.21,0.03250722082192967,0.011913259654909296,0.048654803721002046,0.04493355481727575,0.1535227503899098
38,13/14,19,Fulham,32,35.6,5.1,10.2,2.3,43.6,0.0,11.2,3.9,1.5,1.03,2.24,-45.0,9.0,24.0,40.0,1.0,431.0,149.0,11.0,7.0,2.0,1.0,31.0,9.0,1.0,5.0,85.0,154.0,182.0,499.0,702.0,4.0,1351.0,779.0,5.0,4.0,4.0,14674.0,32.0,2180.0,2329.0,708.0,45.0,12.0,483.0,0.0,71.0,21.0,94.75,0.02575687144398866,80.0,76.0,76.0,77.0,0.05045871559633028,0.050666666666666665,0.05013192612137203,0.05188067444876784,29.3,4.15,-25.15,0.03169589251522593,0.0102148817288995,0.04853900490215,0.046960865945045796,0.15871609649720594
39,13/14,20,Cardiff City,30,33.5,5.2,9.1,2.2,45.0,0.0,11.0,3.3,1.3,0.84,1.95,-41.0,7.0,22.0,32.0,1.0,418.0,124.0,10.0,9.0,1.0,0.0,28.0,4.0,0.0,7.0,74.0,157.0,178.0,491.0,619.0,4.0,1268.0,702.0,0.0,2.0,2.0,14007.0,35.0,2047.0,2195.0,792.0,30.0,5.0,490.0,0.0,59.0,13.0,65.68,0.017854472996740634,71.0,73.0,69.0,71.0,0.04652686762778506,0.046,0.048153034300791556,0.046044098573281456,45.82,3.74,-42.08,0.04956675068422021,0.00920570064242991,0.08121357162156946,0.04954954954954955,0.15670736060541157
40,14/15,1,Chelsea,87,27.5,5.8,10.0,2.0,55.5,0.1,14.6,5.5,1.9,1.89,0.84,39.0,26.0,3.0,73.0,4.0,564.0,210.0,15.0,10.0,4.0,1.0,66.0,7.0,1.0,17.0,32.0,90.0,102.0,376.0,759.0,2.0,1027.0,611.0,1.0,3.0,3.0,20268.0,73.0,2276.0,3259.0,682.0,40.0,2.0,476.0,0.0,73.0,13.0,557.25,0.13620365165106446,82.0,82.0,81.0,82.0,0.05394736842105263,0.05414438502673797,0.054376657824933686,0.05348988910632746,137.7,142.81,5.110000000000014,0.11161456095840999,0.21340087565935953,-0.009052258635961052,0.039207048458149776,0.16079534241168345
41,14/15,2,Manchester City,79,22.8,7.3,11.7,2.1,59.8,0.1,17.7,6.0,2.1,2.19,1.03,43.0,24.0,7.0,83.0,2.0,670.0,229.0,18.0,5.0,7.0,3.0,68.0,15.0,9.0,14.0,38.0,93.0,98.0,569.0,751.0,1.0,872.0,498.0,3.0,4.0,3.0,22107.0,115.0,1937.0,3140.0,795.0,42.0,1.0,546.0,1.0,52.0,31.0,448.25,0.10956175298804781,83.0,82.0,81.0,82.0,0.05394736842105263,0.05414438502673797,0.054376657824933686,0.05414220482713633,102.8,30.3,-72.5,0.0833259031701129,0.04527726722553459,0.12843224092116917,0.030454545454545456,0.14203645904012305
42,14/15,3,Arsenal,75,26.8,6.7,10.0,1.7,56.4,0.1,15.8,5.8,1.8,1.81,0.95,32.0,22.0,7.0,71.0,2.0,610.0,227.0,13.0,10.0,6.0,3.0,62.0,9.0,2.0,13.0,36.0,96.0,106.0,762.0,739.0,3.0,1006.0,565.0,1.0,3.0,3.0,20527.0,202.0,1749.0,2793.0,866.0,51.0,2.0,476.0,0.0,76.0,13.0,414.75,0.10137364651822159,81.0,80.0,80.0,80.0,0.05263157894736842,0.053475935828877004,0.05305039787798409,0.05283757338551859,118.98,27.8,-91.18,0.09644081672354118,0.04154151910461589,0.16152347209920284,0.0290473017988008,0.1360646952793881
43,14/15,9,Stoke City,54,30.7,5.2,12.8,2.0,50.4,0.0,13.1,3.4,2.1,1.14,1.19,-2.0,15.0,14.0,48.0,1.0,500.0,136.0,9.0,14.0,3.0,0.0,41.0,7.0,1.0,9.0,45.0,96.0,134.0,496.0,729.0,8.0,1159.0,694.0,0.0,5.0,5.0,15386.0,12.0,2429.0,2317.0,887.0,32.0,3.0,428.0,0.0,68.0,12.0,0.0,0.0,76.0,75.0,73.0,75.0,0.049342105263157895,0.04879679144385027,0.04973474801061008,0.04957599478147423,1.8,3.8,1.9999999999999998,0.0014590138687373855,0.005678337143796416,-0.0035429583702391494,0.04048979591836735,0.15059144676979072
44,14/15,10,Crystal Palace,48,33.7,5.5,13.6,2.0,40.0,0.1,11.6,3.6,1.6,1.24,1.38,-5.0,13.0,16.0,47.0,4.0,441.0,139.0,14.0,10.0,5.0,4.0,41.0,6.0,0.0,7.0,51.0,94.0,154.0,600.0,791.0,2.0,1270.0,779.0,0.0,6.0,4.0,12071.0,22.0,2609.0,1732.0,834.0,25.0,7.0,325.0,2.0,77.0,9.0,97.25,0.02376995087136118,71.0,73.0,73.0,73.0,0.04802631578947368,0.04879679144385027,0.04840848806366048,0.046314416177429873,31.22,2.87,-28.349999999999998,0.025305784989989543,0.004288638842814662,0.05022143489813994,0.043134435657800146,0.14348438406097258
45,14/15,11,Everton,47,34.1,5.2,10.2,2.2,55.0,0.1,12.8,4.5,1.8,1.3,1.32,-1.0,12.0,15.0,48.0,2.0,483.0,166.0,11.0,10.0,4.0,1.0,40.0,8.0,5.0,10.0,50.0,80.0,167.0,444.0,657.0,8.0,1280.0,737.0,2.0,4.0,4.0,18809.0,64.0,2563.0,2908.0,690.0,32.0,3.0,461.0,0.0,71.0,24.0,182.85,0.04469239605993205,79.0,78.0,79.0,78.0,0.05131578947368421,0.052807486631016046,0.05172413793103448,0.051532941943900845,40.16,1.9,-38.26,0.03255222053805189,0.002839168571898208,0.06777679362267493,0.04087193460490463,0.15460683715242704
46,14/15,14,Leicester City,41,31.1,5.6,12.1,1.5,43.3,0.1,11.7,3.5,1.3,1.11,1.46,-13.0,11.0,19.0,46.0,4.0,456.0,137.0,12.0,7.0,3.0,0.0,38.0,8.0,3.0,10.0,55.0,124.0,161.0,750.0,791.0,5.0,1177.0,701.0,5.0,4.0,3.0,13343.0,22.0,2706.0,1985.0,912.0,44.0,2.0,355.0,0.0,38.0,26.0,66.7,0.016302886613056976,70.0,71.0,70.0,70.0,0.046052631578947366,0.04679144385026738,0.047082228116710874,0.045662100456621,22.86,0.0,-22.86,0.018529476132964795,0.0,0.04049601417183348,0.036794289422452955,0.14876714382072997
47,14/15,15,Newcastle United,39,27.2,5.9,11.5,1.0,47.7,0.2,12.2,3.8,1.7,1.03,1.7,-25.0,10.0,19.0,40.0,7.0,468.0,143.0,6.0,7.0,1.0,0.0,34.0,6.0,1.0,8.0,63.0,98.0,100.0,639.0,824.0,6.0,1020.0,569.0,1.0,4.0,4.0,15019.0,57.0,2378.0,2320.0,864.0,34.0,3.0,466.0,0.0,53.0,21.0,140.0,0.03421895241121404,74.0,75.0,75.0,76.0,0.05,0.05013368983957219,0.04973474801061008,0.04827136333985649,45.02,23.87,-21.150000000000002,0.036491557983642835,0.0356689230585317,0.03746678476527901,0.035748462064251536,0.15447100339569877
48,14/15,17,Aston Villa,38,29.7,4.4,10.6,1.9,48.6,0.2,10.8,3.2,1.9,0.84,1.51,-25.0,10.0,20.0,31.0,7.0,418.0,125.0,5.0,7.0,1.0,1.0,28.0,3.0,2.0,10.0,57.0,112.0,135.0,487.0,623.0,6.0,1130.0,661.0,1.0,4.0,4.0,16527.0,14.0,2740.0,2575.0,766.0,26.0,2.0,413.0,0.0,77.0,18.0,114.25,0.02792510937843717,76.0,73.0,73.0,74.0,0.04868421052631579,0.04879679144385027,0.04840848806366048,0.04957599478147423,13.45,1.32,-12.129999999999999,0.010902075852509909,0.001972475007845071,0.02148804251550044,0.046306306306306305,0.15580565135838326
49,14/15,18,Hull City,35,35.3,4.4,11.9,1.8,44.2,0.2,11.1,3.4,1.9,0.89,1.38,-18.0,8.0,19.0,33.0,6.0,428.0,131.0,11.0,10.0,1.0,0.0,30.0,3.0,2.0,10.0,51.0,102.0,158.0,607.0,763.0,2.0,1316.0,761.0,0.0,3.0,1.0,14864.0,21.0,2726.0,2237.0,804.0,22.0,7.0,443.0,2.0,36.0,23.0,117.1,0.028621709481094028,70.0,72.0,72.0,72.0,0.04736842105263158,0.0481283422459893,0.04774535809018567,0.045662100456621,48.22,18.7,-29.52,0.03908536041695374,0.027943395944471837,0.052294065544729845,0.04072992700729927,0.1504978471474704
50,15/16,2,Arsenal,71,22.6,6.0,9.1,2.3,58.2,0.1,15.0,5.5,1.1,1.65,0.97,25.0,20.0,7.0,65.0,4.0,571.0,211.0,21.0,13.0,1.0,1.0,61.0,4.0,3.0,18.0,36.0,118.0,128.0,734.0,709.0,4.0,849.0,418.0,3.0,1.0,1.0,21249.0,168.0,1859.0,2946.0,754.0,69.0,3.0,511.0,0.0,45.0,20.0,402.0,0.09943972394345293,81.0,80.0,79.0,81.0,0.05252918287937743,0.052248677248677246,0.05221932114882506,0.052258064516129035,26.5,2.5,-24.0,0.018003328917422467,0.003575924018766449,0.031054695081712665,0.028967428967428967,0.13864181843851475
51,15/16,5,Manchester United,66,20.1,6.0,12.5,1.9,58.3,0.0,11.3,3.8,1.7,1.24,0.92,12.0,19.0,10.0,49.0,1.0,430.0,144.0,9.0,5.0,3.0,1.0,44.0,5.0,2.0,18.0,35.0,90.0,96.0,594.0,760.0,4.0,755.0,373.0,2.0,2.0,2.0,20070.0,43.0,2649.0,3221.0,786.0,28.0,4.0,522.0,0.0,29.0,13.0,369.25,0.09133860215452735,77.0,82.0,79.0,81.0,0.05252918287937743,0.052248677248677246,0.05352480417754569,0.04967741935483871,156.0,100.67,-55.33,0.10598186079690207,0.14399530838768737,0.07159401161963173,0.03079763663220089,0.16048829098156453
52,15/16,6,Southampton,63,28.7,5.9,11.1,2.6,49.1,0.2,13.5,4.4,1.5,1.49,1.08,15.0,18.0,11.0,59.0,6.0,519.0,166.0,13.0,15.0,3.0,1.0,53.0,6.0,3.0,12.0,41.0,94.0,136.0,709.0,714.0,3.0,1101.0,515.0,0.0,1.0,1.0,15913.0,46.0,2509.0,2385.0,956.0,43.0,6.0,425.0,0.0,36.0,12.0,180.75,0.04471077139994805,77.0,77.0,74.0,77.0,0.04993514915693904,0.04894179894179894,0.05026109660574413,0.04967741935483871,60.1,52.7,-7.399999999999999,0.04083019124290906,0.07538047831559676,0.009575197650194737,0.03576950105411103,0.1498774586815811
53,15/16,9,Stoke City,51,21.6,4.0,11.1,2.6,49.8,0.1,11.1,3.4,1.3,1.05,1.46,-15.0,14.0,15.0,41.0,4.0,419.0,128.0,5.0,9.0,5.0,0.0,33.0,8.0,0.0,10.0,55.0,121.0,149.0,576.0,710.0,7.0,826.0,426.0,0.0,5.0,5.0,16342.0,60.0,2379.0,2440.0,683.0,35.0,3.0,359.0,0.0,59.0,15.0,116.25,0.028755890319468666,75.0,77.0,76.0,76.0,0.04928664072632944,0.05026455026455026,0.05026109660574413,0.04838709677419355,53.65,23.2,-30.45,0.03644824892149869,0.03318457489415265,0.03940064438492294,0.039035769828926904,0.14930853016766613
54,15/16,10,Chelsea,50,20.6,6.3,10.8,2.2,56.2,0.1,13.8,4.6,1.6,1.57,1.41,6.0,12.0,12.0,59.0,5.0,526.0,173.0,4.0,6.0,4.0,4.0,48.0,11.0,1.0,9.0,53.0,122.0,136.0,518.0,790.0,2.0,790.0,398.0,2.0,4.0,3.0,19664.0,74.0,2312.0,2933.0,732.0,33.0,4.0,413.0,1.0,54.0,27.0,532.75,0.1317823704748123,83.0,83.0,81.0,83.0,0.05382619974059663,0.05357142857142857,0.054177545691906005,0.053548387096774196,96.5,87.49,-9.010000000000005,0.06555929209551954,0.12514303696075066,0.011658450111926302,0.03348623853211009,0.14915581773799838
55,15/16,11,Everton,47,26.1,5.8,8.4,1.5,52.0,0.1,12.9,4.5,1.2,1.51,1.49,1.0,11.0,13.0,59.0,5.0,491.0,175.0,18.0,10.0,4.0,0.0,53.0,6.0,2.0,10.0,55.0,127.0,160.0,511.0,730.0,3.0,994.0,489.0,1.0,6.0,5.0,17947.0,57.0,2742.0,2699.0,782.0,49.0,4.0,453.0,0.0,53.0,14.0,179.8,0.044475777027444874,80.0,77.0,74.0,78.0,0.05058365758754864,0.04894179894179894,0.05026109660574413,0.05161290322580645,48.2,11.0,-37.2,0.03274567750263256,0.015734065682572376,0.048134777376654635,0.038678485092667206,0.15038725135120076
56,15/16,12,Swansea City,47,27.9,4.3,10.5,2.2,52.5,0.0,11.8,3.6,1.6,1.11,1.38,-10.0,12.0,15.0,42.0,1.0,441.0,136.0,14.0,6.0,5.0,3.0,35.0,7.0,3.0,9.0,52.0,119.0,134.0,679.0,638.0,2.0,1058.0,559.0,5.0,2.0,2.0,18169.0,46.0,2416.0,2796.0,725.0,31.0,2.0,465.0,0.0,85.0,34.0,134.5,0.03327025589650353,76.0,76.0,76.0,77.0,0.04993514915693904,0.05026455026455026,0.04960835509138381,0.04903225806451613,21.81,16.81,-5.0,0.014817079384489961,0.024044513102185604,0.006469728142023472,0.0360668185269552,0.15388849138642743
57,15/16,13,Watford,45,24.5,4.2,12.1,1.4,44.8,0.1,11.5,3.6,1.9,1.03,1.3,-10.0,12.0,17.0,40.0,3.0,446.0,140.0,9.0,5.0,6.0,1.0,37.0,3.0,0.0,11.0,50.0,121.0,111.0,764.0,794.0,1.0,931.0,394.0,2.0,8.0,4.0,14530.0,29.0,2939.0,2164.0,704.0,31.0,2.0,391.0,3.0,67.0,66.0,77.75,0.019232434170655385,74.0,73.0,72.0,74.0,0.04798962386511025,0.047619047619047616,0.047650130548302874,0.04774193548387097,82.8,9.75,-73.05,0.0562519107306634,0.013946103673189152,0.09452272815496292,0.03543003851091143,0.14893324156916724
58,15/16,14,West Bromwich Albion,43,26.1,4.9,10.3,1.8,39.9,0.1,10.1,2.9,1.7,0.89,1.27,-14.0,10.0,15.0,34.0,3.0,388.0,107.0,10.0,12.0,1.0,1.0,31.0,3.0,0.0,11.0,48.0,109.0,172.0,721.0,642.0,4.0,992.0,547.0,3.0,6.0,5.0,12262.0,29.0,2661.0,1638.0,847.0,28.0,5.0,480.0,0.0,54.0,14.0,97.5,0.024117843493747914,77.0,73.0,71.0,75.0,0.048638132295719845,0.046957671957671955,0.047650130548302874,0.04967741935483871,42.9,12.92,-29.979999999999997,0.029145011719148066,0.01848037532898501,0.03879248993957273,0.04409391049156273,0.1335834284782254
59,15/16,18,Newcastle United,37,24.4,4.3,11.1,1.6,46.8,0.1,10.2,3.8,1.6,1.05,1.73,-25.0,9.0,19.0,44.0,5.0,397.0,151.0,6.0,12.0,3.0,1.0,38.0,6.0,4.0,8.0,65.0,115.0,155.0,646.0,793.0,4.0,939.0,486.0,2.0,5.0,4.0,15118.0,28.0,2578.0,2357.0,775.0,26.0,2.0,435.0,1.0,70.0,31.0,158.5,0.039206955833426094,77.0,75.0,76.0,76.0,0.04928664072632944,0.05026455026455026,0.0489556135770235,0.04967741935483871,107.91,5.63,-102.28,0.07331091409354937,0.008052980890262044,0.13234475887323213,0.036970118137595556,0.15590686598756448
60,16/17,1,Chelsea,93,22.6,5.6,10.5,1.7,54.5,0.0,14.9,5.3,1.9,2.16,0.86,48.0,30.0,5.0,85.0,0.0,580.0,204.0,17.0,8.0,2.0,3.0,73.0,12.0,7.0,16.0,33.0,69.0,78.0,510.0,652.0,0.0,839.0,500.0,1.0,2.0,2.0,20125.0,103.0,2399.0,2967.0,688.0,32.0,3.0,436.0,0.0,38.0,18.0,517.3,0.10736151754768278,84.0,83.0,82.0,83.0,0.053103007037747924,0.05317769130998703,0.053103007037747924,0.05263157894736842,132.8,108.9,-23.900000000000006,0.07966836841821094,0.12490394210146008,0.03006138055946871,0.0391566265060241,0.14742857142857144
61,16/17,4,Liverpool,76,23.2,6.6,10.4,2.1,61.6,0.0,16.6,6.1,1.5,2.03,1.14,33.0,22.0,6.0,78.0,0.0,640.0,236.0,18.0,12.0,7.0,3.0,65.0,13.0,3.0,12.0,42.0,73.0,65.0,410.0,719.0,2.0,877.0,451.0,0.0,5.0,3.0,22290.0,57.0,2565.0,3291.0,812.0,35.0,0.0,472.0,2.0,36.0,26.0,387.2,0.08036029304941576,82.0,81.0,80.0,81.0,0.05182341650671785,0.05188067444876784,0.05182341650671785,0.05137844611528822,79.9,85.38,5.47999999999999,0.04793300178173987,0.09792744331150285,-0.0068927349567317235,0.034012400354295834,0.14764468371467027
62,16/17,5,Arsenal,75,21.8,6.0,10.5,2.6,59.0,0.1,14.8,5.2,1.8,2.0,1.16,31.0,23.0,9.0,77.0,3.0,566.0,201.0,17.0,17.0,4.0,2.0,70.0,7.0,2.0,13.0,44.0,124.0,95.0,536.0,673.0,5.0,838.0,484.0,1.0,10.0,10.0,21394.0,129.0,1979.0,2835.0,697.0,41.0,1.0,465.0,0.0,36.0,10.0,468.5,0.0972334640848432,83.0,84.0,79.0,83.0,0.053103007037747924,0.051232166018158234,0.053742802303262956,0.05200501253132832,113.0,10.35,-102.65,0.06779010264501382,0.011871035819560255,0.1291130006037432,0.03391232423490488,0.1325137889127793
63,16/17,6,Manchester United,69,29.1,5.8,13.0,2.7,56.4,0.1,15.7,5.6,2.1,1.41,0.78,23.0,18.0,5.0,54.0,2.0,591.0,210.0,19.0,9.0,3.0,1.0,47.0,7.0,5.0,17.0,29.0,85.0,99.0,584.0,690.0,4.0,1112.0,580.0,1.0,5.0,4.0,20245.0,99.0,2424.0,3177.0,848.0,50.0,1.0,389.0,1.0,32.0,4.0,534.25,0.11087935578938629,90.0,83.0,81.0,83.0,0.053103007037747924,0.05252918287937743,0.053103007037747924,0.05639097744360902,185.0,47.25,-137.75,0.1109837963657306,0.05419385917625334,0.17326172268061982,0.03422291993720565,0.1569276364534453
64,16/17,8,Southampton,46,24.1,5.2,11.2,1.9,54.3,0.1,14.5,4.7,1.5,1.11,1.27,-6.0,12.0,16.0,41.0,2.0,550.0,179.0,12.0,4.0,3.0,0.0,37.0,4.0,0.0,14.0,48.0,76.0,128.0,514.0,675.0,1.0,914.0,505.0,1.0,9.0,6.0,18245.0,57.0,2336.0,2784.0,947.0,34.0,4.0,455.0,1.0,26.0,12.0,199.0,0.041300873752153244,76.0,76.0,78.0,77.0,0.04926423544465771,0.05058365758754864,0.04862444017914268,0.047619047619047616,68.9,85.05,16.14999999999999,0.041333965241074806,0.09754894651725601,-0.020313443348762315,0.038435660218671154,0.1525897506166073
65,16/17,12,Leicester City,44,27.4,5.1,11.9,1.6,41.7,0.0,11.2,3.8,1.8,1.27,1.68,-15.0,12.0,18.0,48.0,1.0,433.0,145.0,8.0,10.0,4.0,1.0,39.0,9.0,4.0,9.0,63.0,131.0,141.0,538.0,677.0,3.0,1025.0,567.0,2.0,4.0,4.0,13671.0,25.0,2792.0,1916.0,731.0,29.0,2.0,310.0,0.0,45.0,16.0,210.5,0.04368760766245356,77.0,79.0,76.0,78.0,0.04990403071017274,0.04928664072632944,0.05054382597568778,0.04824561403508772,92.1,66.05,-26.049999999999997,0.0552519332177502,0.07575670684849806,0.03276564701147112,0.0479835390946502,0.14015068392948576
66,16/17,15,Swansea City,41,27.6,5.1,10.6,1.3,47.4,0.0,10.6,3.9,1.5,1.16,1.86,-26.0,12.0,21.0,45.0,0.0,405.0,145.0,10.0,15.0,3.0,2.0,40.0,5.0,1.0,8.0,70.0,121.0,136.0,459.0,635.0,1.0,1037.0,539.0,5.0,9.0,6.0,16131.0,15.0,2579.0,2495.0,864.0,25.0,2.0,446.0,1.0,72.0,16.0,106.05,0.022009837494552018,79.0,77.0,76.0,77.0,0.04926423544465771,0.04928664072632944,0.04926423544465771,0.04949874686716792,58.1,49.3,-8.800000000000004,0.03485491118296728,0.056545127140514066,0.011068625477963378,0.048080438756855574,0.1546711301221251
67,16/17,16,Burnley,40,32.8,4.0,11.3,2.7,40.0,0.1,10.4,3.2,1.7,1.03,1.43,-15.0,11.0,20.0,39.0,2.0,391.0,120.0,5.0,4.0,6.0,3.0,31.0,8.0,2.0,10.0,55.0,151.0,221.0,539.0,638.0,2.0,1233.0,698.0,2.0,5.0,4.0,12558.0,21.0,3176.0,1888.0,650.0,18.0,6.0,334.0,1.0,29.0,14.0,66.5,0.013801548263910507,73.0,73.0,73.0,73.0,0.04670505438259757,0.04734111543450065,0.04670505438259757,0.045739348370927316,45.6,1.2,-44.4,0.027356006023120626,0.00137635197907945,0.05584624672972428,0.05097706032285471,0.15034241121197642
68,16/17,17,Watford,40,27.3,4.3,13.6,1.6,46.4,0.1,11.2,3.8,2.2,1.08,1.7,-23.0,11.0,20.0,40.0,5.0,422.0,143.0,7.0,9.0,3.0,0.0,36.0,4.0,0.0,7.0,68.0,121.0,140.0,512.0,618.0,0.0,1016.0,494.0,2.0,4.0,3.0,14049.0,22.0,2600.0,2200.0,686.0,25.0,3.0,390.0,1.0,53.0,35.0,129.5,0.026876699250773094,77.0,77.0,75.0,77.0,0.04926423544465771,0.048638132295719845,0.04926423544465771,0.04824561403508772,70.45,58.1,-12.350000000000001,0.04226382948089579,0.0666383749870967,0.01553380961964178,0.047433628318584074,0.15659477542885614
69,16/17,18,Hull City,34,29.2,4.8,10.5,1.9,46.1,0.1,10.5,3.3,1.8,0.97,1.97,-37.0,9.0,22.0,37.0,5.0,397.0,126.0,10.0,5.0,3.0,2.0,33.0,4.0,3.0,5.0,80.0,137.0,184.0,573.0,631.0,3.0,1101.0,600.0,5.0,13.0,11.0,15596.0,41.0,2650.0,2487.0,739.0,18.0,6.0,399.0,2.0,40.0,18.0,77.85,0.016157150862337336,76.0,73.0,74.0,74.0,0.04734484964811261,0.04798962386511025,0.04670505438259757,0.047619047619047616,40.0,28.9,-11.100000000000001,0.02399649651150932,0.03314714349616342,0.013961561682431073,0.044767441860465114,0.15946396511926134
70,17/18,2,Manchester United,81,22.4,5.8,10.8,2.2,54.8,0.0,13.6,4.8,1.6,1.81,0.76,39.0,25.0,7.0,68.0,1.0,512.0,178.0,16.0,12.0,1.0,2.0,56.0,13.0,4.0,19.0,28.0,118.0,112.0,481.0,564.0,0.0,853.0,436.0,2.0,1.0,1.0,20064.0,85.0,2308.0,2878.0,753.0,42.0,4.0,399.0,0.0,20.0,6.0,572.75,0.10329591054601199,86.0,83.0,81.0,83.0,0.05300127713920817,0.052461139896373056,0.05289993626513703,0.05415617128463476,198.4,45.5,-152.9,0.09089534665304458,0.033861473085710456,0.18223641867893495,0.04325358851674641,0.14344098883572567
71,17/18,3,Tottenham Hotspur,77,21.8,6.5,10.1,2.3,62.1,0.1,16.5,5.7,1.3,1.86,0.86,37.0,23.0,7.0,74.0,2.0,623.0,216.0,13.0,11.0,2.0,1.0,64.0,11.0,8.0,16.0,36.0,93.0,74.0,380.0,618.0,3.0,825.0,422.0,1.0,3.0,2.0,21660.0,83.0,2447.0,3176.0,825.0,50.0,1.0,460.0,0.0,20.0,21.0,499.25,0.09004012804905541,86.0,82.0,81.0,82.0,0.05236270753512133,0.052461139896373056,0.052262587635436585,0.05415617128463476,121.0,103.8,-17.200000000000003,0.055435166053520134,0.077248811127401,0.02050010726800315,0.03797595190380761,0.1466297322253001
72,17/18,4,Liverpool,75,19.7,6.0,9.2,1.9,60.4,0.0,16.6,6.0,1.2,2.16,1.03,42.0,21.0,5.0,84.0,1.0,638.0,233.0,16.0,12.0,2.0,2.0,75.0,9.0,9.0,17.0,38.0,67.0,71.0,379.0,637.0,4.0,736.0,362.0,0.0,6.0,4.0,22962.0,106.0,2370.0,3313.0,764.0,61.0,2.0,447.0,2.0,25.0,20.0,466.5,0.08413363992966319,83.0,82.0,80.0,82.0,0.05236270753512133,0.05181347150259067,0.052262587635436585,0.052267002518891686,173.65,184.5,10.849999999999994,0.07955633541482456,0.1373064128420567,-0.01293175371266477,0.03897637795275591,0.14428185698109922
73,17/18,7,Burnley,54,31.5,4.3,9.1,2.6,43.3,0.0,9.9,3.4,1.8,0.95,1.0,-2.0,14.0,12.0,36.0,0.0,378.0,128.0,9.0,10.0,0.0,1.0,32.0,4.0,0.0,12.0,39.0,122.0,191.0,401.0,533.0,2.0,1184.0,640.0,1.0,6.0,3.0,13572.0,18.0,3028.0,2245.0,707.0,22.0,5.0,344.0,1.0,60.0,19.0,82.75,0.014924027232968123,74.0,75.0,75.0,75.0,0.04789272030651341,0.048575129533678756,0.04780114722753346,0.04659949622166247,35.74,50.0,14.259999999999998,0.01637399036985793,0.037210409984297206,-0.01699601916521656,0.06070663811563169,0.16541408782788092
74,17/18,10,Newcastle United,44,30.1,4.4,10.8,1.7,41.6,0.1,11.8,3.9,1.4,0.97,1.27,-11.0,12.0,18.0,39.0,2.0,451.0,149.0,12.0,7.0,0.0,1.0,34.0,5.0,5.0,9.0,47.0,105.0,117.0,441.0,644.0,6.0,1125.0,594.0,3.0,6.0,4.0,14028.0,67.0,2610.0,2018.0,616.0,33.0,7.0,410.0,2.0,40.0,18.0,131.25,0.023671040173136752,74.0,75.0,75.0,75.0,0.04789272030651341,0.048575129533678756,0.04780114722753346,0.04659949622166247,46.5,21.22,-25.28,0.021303596871807325,0.015792097997335733,0.030130390217158114,0.053824884792626725,0.14385514684915882
75,17/18,11,Crystal Palace,44,27.1,5.6,11.2,1.5,44.7,0.0,12.6,3.9,1.9,1.16,1.49,-12.0,11.0,16.0,45.0,0.0,476.0,151.0,8.0,4.0,8.0,1.0,39.0,6.0,3.0,9.0,55.0,122.0,117.0,552.0,685.0,6.0,1022.0,517.0,2.0,2.0,2.0,14372.0,30.0,2416.0,2091.0,703.0,55.0,6.0,482.0,0.0,39.0,11.0,173.85,0.03135398349790342,81.0,76.0,75.0,76.0,0.04853128991060025,0.048575129533678756,0.04843849585723391,0.05100755667506297,55.95,3.0,-52.95,0.025633037526400428,0.0022326245990578323,0.06310934185120737,0.04470493128536782,0.1454912329529641
76,17/18,13,West Ham United,42,26.7,4.2,10.0,2.5,44.3,0.1,9.6,3.5,2.0,1.22,1.81,-22.0,10.0,16.0,48.0,2.0,372.0,133.0,14.0,6.0,2.0,1.0,39.0,10.0,4.0,10.0,68.0,122.0,154.0,482.0,621.0,2.0,1007.0,560.0,1.0,7.0,5.0,14369.0,51.0,2567.0,2177.0,732.0,29.0,4.0,390.0,1.0,19.0,19.0,218.4,0.03938861084809955,80.0,79.0,78.0,79.0,0.05044699872286079,0.050518134715025906,0.05035054174633524,0.05037783375314862,56.8,69.02,12.219999999999999,0.0260224581143797,0.05136524994232386,-0.014564611093895258,0.050498640072529466,0.15150671584661424
77,17/18,16,Huddersfield Town,37,28.4,4.3,10.4,1.8,45.7,0.1,9.3,2.9,1.6,0.76,1.54,-29.0,9.0,19.0,28.0,3.0,362.0,109.0,8.0,5.0,2.0,0.0,27.0,1.0,2.0,10.0,58.0,103.0,118.0,519.0,744.0,4.0,1070.0,490.0,1.0,6.0,4.0,14960.0,26.0,2563.0,2267.0,765.0,21.0,6.0,416.0,2.0,31.0,24.0,56.9,0.010261959511249379,73.0,73.0,72.0,73.0,0.04661558109833972,0.046632124352331605,0.04652644996813257,0.045969773299748114,56.75,6.46,-50.29,0.025999551020969153,0.004807584969971199,0.05993897642487664,0.042992874109263654,0.15153743315508023
78,17/18,17,Southampton,36,24.9,6.1,11.0,1.9,52.1,0.1,11.9,3.8,1.6,1.0,1.49,-18.0,7.0,16.0,37.0,2.0,450.0,145.0,15.0,7.0,3.0,1.0,34.0,3.0,2.0,8.0,56.0,110.0,128.0,462.0,658.0,4.0,953.0,509.0,1.0,2.0,1.0,17174.0,56.0,2541.0,2589.0,800.0,37.0,4.0,379.0,1.0,29.0,13.0,249.6,0.04501555525497092,78.0,78.0,77.0,78.0,0.04980842911877394,0.04987046632124352,0.0497131931166348,0.0491183879093199,61.25,98.35,37.099999999999994,0.02806118942791825,0.0731928764391126,-0.04421825463040213,0.04276785714285714,0.15075113543728894
79,17/18,18,Swansea City,33,25.4,3.9,9.9,1.0,44.7,0.0,8.4,2.5,1.4,0.73,1.46,-27.0,8.0,21.0,28.0,1.0,338.0,103.0,8.0,3.0,1.0,0.0,24.0,4.0,0.0,9.0,56.0,137.0,124.0,390.0,610.0,2.0,943.0,499.0,2.0,7.0,3.0,15721.0,23.0,2580.0,2582.0,694.0,26.0,1.0,439.0,3.0,44.0,15.0,140.85,0.025402407682943325,75.0,77.0,75.0,76.0,0.04853128991060025,0.048575129533678756,0.049075844486934354,0.04722921914357683,73.39,81.1,7.709999999999994,0.0336230317079987,0.060355284994530065,-0.009189292269552566,0.055299999999999995,0.16423891609948477
80,18/19,2,Liverpool,97,16.9,6.6,8.4,2.0,62.4,0.1,15.2,6.0,1.0,2.35,0.59,65.0,,,,,,,,,,,,,,,,,,,,,,,,,,,,,,,,,,,,,876.0,0.10925853862962852,85.0,82.0,81.0,83.0,0.052798982188295165,0.05222437137330754,0.051964512040557666,0.05356017643352237,182.2,41.32,-140.88,0.11011991103374916,0.07154606687098507,0.13080415587309546,,
81,18/19,4,Tottenham Hotspur,71,20.4,5.1,9.9,1.9,59.5,0.1,14.2,5.0,1.5,1.76,1.0,28.0,,,,,,,,,,,,,,,,,,,,,,,,,,,,,,,,,,,,,831.5,0.10370830464673073,89.0,83.0,82.0,83.0,0.052798982188295165,0.052869116698903935,0.052598225602027884,0.056080655324511654,0.0,5.35,5.35,0.0,0.009263588038716603,-0.004967363954578795,,
82,18/19,6,Manchester United,66,20.9,5.1,11.5,2.4,54.3,0.1,13.5,5.8,1.9,1.76,1.41,13.0,,,,,,,,,,,,,,,,,,,,,,,,,,,,,,,,,,,,,855.0,0.10663932708713743,84.0,84.0,81.0,83.0,0.052798982188295165,0.05222437137330754,0.053231939163498096,0.052930056710775046,82.7,30.55,-52.150000000000006,0.04998307707184992,0.052897684968746216,0.04842019256659518,,
83,18/19,9,Leicester City,52,25.1,5.6,9.2,1.9,51.2,0.1,13.7,4.9,1.5,1.38,1.3,3.0,,,,,,,,,,,,,,,,,,,,,,,,,,,,,,,,,,,,,319.5,0.03984943275361451,79.0,77.0,77.0,78.0,0.04961832061068702,0.04964539007092199,0.048795944233206594,0.04977945809703844,114.6,95.8,-18.799999999999997,0.06926312735712213,0.16587882880543003,0.017455409784314268,,
84,18/19,11,Watford,50,25.5,4.6,11.4,2.3,46.6,0.1,11.4,3.9,2.1,1.38,1.49,-4.0,,,,,,,,,,,,,,,,,,,,,,,,,,,,,,,,,,,,,160.7,0.020043204518015185,77.0,78.0,76.0,77.0,0.048982188295165395,0.049000644745325596,0.049429657794676805,0.048519218651543794,30.1,51.84,21.740000000000002,0.018192147761338363,0.08976157082748949,-0.020185138761222996,,
85,18/19,12,Crystal Palace,49,24.8,5.4,10.1,2.0,45.0,0.1,12.9,3.8,1.5,1.24,1.35,-4.0,,,,,,,,,,,,,,,,,,,,,,,,,,,,,,,,,,,,,215.33,0.02685689625926702,79.0,76.0,75.0,77.0,0.048982188295165395,0.048355899419729204,0.048162230671736375,0.04977945809703844,11.85,0.35,-11.5,0.007162024949231216,0.000606029124028189,0.010677511304234794,,
86,18/19,15,Burnley,40,28.6,3.7,9.4,2.8,40.7,0.0,9.4,3.0,1.9,1.19,1.76,-21.0,,,,,,,,,,,,,,,,,,,,,,,,,,,,,,,,,,,,,181.75,0.022668652278464593,77.0,77.0,78.0,78.0,0.04961832061068702,0.05029013539651837,0.048795944233206594,0.048519218651543794,33.0,8.0,-25.0,0.01994487960545402,0.013852094263501464,0.023211981096162595,,
87,18/19,16,Southampton,39,28.4,5.1,11.1,1.6,43.1,0.1,12.8,4.3,1.9,1.19,1.73,-20.0,,,,,,,,,,,,,,,,,,,,,,,,,,,,,,,,,,,,,263.6,0.032877341076221554,76.0,77.0,77.0,77.0,0.048982188295165395,0.04964539007092199,0.048795944233206594,0.04788909892879647,62.25,26.1,-36.15,0.037623295619379174,0.045192457534673526,0.03356452466505111,,
88,18/19,17,Brighton and Hove Albion,36,23.8,4.2,12.2,2.4,42.5,0.1,9.9,2.9,1.6,0.92,1.51,-22.0,,,,,,,,,,,,,,,,,,,,,,,,,,,,,,,,,,,,,177.0,0.02207621157242494,76.0,76.0,75.0,76.0,0.04834605597964377,0.048355899419729204,0.048162230671736375,0.04788909892879647,87.12,13.62,-73.5,0.05265448215839861,0.02358319048361124,0.06824322442271803,,
89,18/19,19,Fulham,26,26.1,4.2,11.3,2.4,48.2,0.1,11.8,3.9,1.8,0.92,2.08,-43.0,,,,,,,,,,,,,,,,,,,,,,,,,,,,,,,,,,,,,242.5,0.03024565709781383,76.0,77.0,74.0,76.0,0.04834605597964377,0.04771115409413282,0.048795944233206594,0.04788909892879647,116.5,5.35,-111.15,0.07041146891016344,0.009263588038716603,0.1032004679535389,,
90,19/20,2,Manchester City,81,12.7,7.8,9.6,1.9,66.5,0.1,19.3,6.9,1.6,2.62,0.95,62.0,,,,,,,,,,,,,,,,,,,,,,,,,,,,,,,,,,,,,1270.0,0.13946266244105782,,,,,,,,,166.82,71.0,-95.82,0.09209247891180497,0.07573898851114216,0.10963261289916591,,
91,19/20,4,Chelsea,66,15.5,6.6,10.2,1.6,60.7,0.0,16.6,5.9,1.6,1.81,1.46,13.0,,,,,,,,,,,,,,,,,,,,,,,,,,,,,,,,,,,,,794.75,0.08727397714569346,,,,,,,,,45.0,157.27,112.27000000000001,0.024842114560791415,0.1677671932837652,-0.1284539078500246,,
92,19/20,5,Leicester City,62,18.6,5.9,11.0,1.7,57.8,0.1,14.2,5.1,1.1,1.81,1.05,28.0,,,,,,,,,,,,,,,,,,,,,,,,,,,,,,,,,,,,,392.25,0.043074196332681045,,,,,,,,,104.3,88.5,-15.799999999999997,0.057578501082012096,0.09440704905966311,0.018077596366174297,,
93,19/20,8,Arsenal,56,18.3,6.1,11.1,1.9,54.0,0.1,10.6,3.9,2.2,1.43,1.24,7.0,,,,,,,,,,,,,,,,,,,,,,,,,,,,,,,,,,,,,658.75,0.07233939282129673,,,,,,,,,160.8,53.65,-107.15,0.08876915603056132,0.057230939910179954,0.12259585130604914,,
94,19/20,10,Burnley,54,22.4,4.5,10.8,2.3,41.1,0.0,10.1,3.6,1.7,1.14,1.3,-6.0,,,,,,,,,,,,,,,,,,,,,,,,,,,,,,,,,,,,,200.75,0.022044983846490045,,,,,,,,,23.85,13.55,-10.3,0.013166320717219451,0.014454412596140512,0.011784762188075653,,
95,19/20,11,Southampton,52,22.1,5.4,11.9,1.5,48.4,0.1,13.1,4.8,1.4,1.3,1.59,-11.0,,,,,,,,,,,,,,,,,,,,,,,,,,,,,,,,,,,,,267.7,0.02939697223265447,,,,,,,,,61.5,27.3,-34.2,0.03395088989974827,0.02912217445569269,0.03912998707108615,,
96,19/20,12,Everton,49,19.1,5.4,12.5,1.6,48.6,0.1,12.3,4.2,1.9,1.16,1.43,-10.0,,,,,,,,,,,,,,,,,,,,,,,,,,,,,,,,,,,,,519.0,0.056993009296778745,,,,,,,,,121.0,87.8,-33.2,0.06679768581901692,0.09366032663772228,0.03798583540234094,,
97,19/20,13,Newcastle United,44,24.6,4.0,9.7,1.9,39.0,0.1,10.7,3.5,1.8,1.0,1.49,-18.0,,,,,,,,,,,,,,,,,,,,,,,,,,,,,,,,,,,,,252.58,0.02773659785776566,,,,,,,,,72.9,35.64,-37.260000000000005,0.04024422558848209,0.038018838739959246,0.04263109117744649,,
98,19/20,14,Crystal Palace,43,21.4,4.6,11.2,1.4,44.5,0.1,9.8,3.2,1.6,0.81,1.32,-19.0,,,,,,,,,,,,,,,,,,,,,,,,,,,,,,,,,,,,,231.4,0.02541075597548093,,,,,,,,,7.6,55.38,47.78,0.004195557125822549,0.059076411038690886,-0.05466756673264608,,
99,19/20,16,West Ham United,39,19.6,5.1,10.0,1.8,43.5,0.1,11.0,4.4,1.6,1.3,1.65,-13.0,,,,,,,,,,,,,,,,,,,,,,,,,,,,,,,,,,,,,344.25,0.037803166571129254,,,,,,,,,119.8,55.48,-64.32,0.06613522943072914,0.059183085670396714,0.07359183533369183,,
100,10/11,2,Chelsea,71,20.0,6.8,11.5,2.9,58.2,0.0,19.6,6.5,1.5,1.86,0.86,37.0,21.0,9.0,69.0,1.0,745.0,244.0,21.0,12.0,6.0,2.0,61.0,8.0,4.0,15.0,33.0,0.0,127.0,616.0,769.0,19.0,762.0,470.0,1.0,3.0,2.0,19236.0,252.0,2044.0,2465.0,995.0,70.0,7.0,573.0,1.0,84.0,22.0,360.0,0.11161648575494601,85.0,84.0,83.0,83.0,0.05414220482713633,0.054497701904136574,0.0546875,0.05452212957023733,121.5,16.5,-105.0,0.17324226826173128,0.04817940257540806,0.2925932118374854,0.030180505415162453,0.12814514452069037
101,10/11,3,Manchester City,71,31.2,5.9,12.8,2.8,52.9,0.1,14.3,4.6,1.9,1.57,0.89,25.0,21.0,9.0,60.0,5.0,546.0,177.0,16.0,4.0,8.0,2.0,51.0,9.0,2.0,18.0,33.0,2.0,130.0,629.0,826.0,4.0,1206.0,680.0,0.0,4.0,3.0,17768.0,170.0,1721.0,2469.0,762.0,51.0,2.0,520.0,1.0,66.0,27.0,360.3,0.11170949949307514,84.0,81.0,80.0,82.0,0.05348988910632746,0.05252790544977019,0.052734375,0.05388069275176395,183.61,40.15,-143.46,0.26180257510729615,0.11723654626682628,0.39976592543053,0.03237113402061856,0.13895767672219722
102,10/11,4,Arsenal,68,28.3,6.7,12.1,2.5,59.8,0.2,17.3,6.3,1.7,1.89,1.11,29.0,19.0,8.0,72.0,6.0,654.0,238.0,23.0,9.0,4.0,1.0,67.0,5.0,3.0,13.0,43.0,0.0,94.0,709.0,772.0,3.0,1077.0,580.0,1.0,9.0,6.0,20150.0,373.0,1462.0,2278.0,928.0,88.0,4.0,601.0,2.0,56.0,25.0,303.0,0.09394387551041289,84.0,84.0,80.0,81.0,0.05283757338551859,0.05252790544977019,0.0546875,0.05388069275176395,23.0,8.1,-14.9,0.03279483267506024,0.023651706718836683,0.04152037006074792,0.027143821742066174,0.11305210918114143
103,10/11,6,Liverpool,58,28.7,5.6,12.1,2.2,52.2,0.1,15.4,5.5,1.6,1.59,1.16,16.0,17.0,14.0,59.0,2.0,582.0,205.0,12.0,8.0,6.0,1.0,54.0,5.0,3.0,14.0,44.0,0.0,128.0,592.0,908.0,2.0,1073.0,563.0,3.0,8.0,7.0,16728.0,148.0,2038.0,2500.0,824.0,43.0,6.0,493.0,0.0,74.0,26.0,275.0,0.08526259328502821,83.0,81.0,81.0,80.0,0.05218525766470972,0.05318450426789232,0.052734375,0.05323925593329057,97.73,101.5,3.769999999999996,0.13934952162320163,0.2963763249335708,-0.010505489605974463,0.03186666666666667,0.14945002391200382
104,10/11,10,Sunderland,47,34.1,4.7,11.7,2.6,48.1,0.1,13.8,3.8,1.5,1.14,1.51,-14.0,12.0,15.0,45.0,5.0,532.0,154.0,10.0,7.0,4.0,1.0,40.0,5.0,2.0,13.0,56.0,0.0,134.0,694.0,820.0,17.0,1291.0,686.0,1.0,6.0,5.0,14166.0,129.0,2220.0,2072.0,863.0,35.0,16.0,441.0,0.0,62.0,40.0,105.25,0.03263231979363352,77.0,74.0,75.0,75.0,0.04892367906066536,0.04924491135915955,0.048177083333333336,0.04939063502245029,29.1,41.78,12.68,0.04149259264540231,0.12199608724851811,-0.03533411358189823,0.03428005284015852,0.14626570662148808
105,10/11,11,West Bromwich Albion,47,28.8,4.9,11.4,2.6,48.2,0.2,15.7,4.8,1.4,1.43,1.84,-15.0,12.0,15.0,56.0,7.0,597.0,184.0,12.0,10.0,4.0,1.0,50.0,6.0,3.0,2.0,71.0,0.0,126.0,662.0,725.0,10.0,1088.0,609.0,5.0,6.0,6.0,14252.0,101.0,2286.0,2138.0,807.0,43.0,8.0,524.0,0.0,38.0,23.0,71.25,0.022090762805666398,74.0,68.0,70.0,73.0,0.047619047619047616,0.04596191726854892,0.044270833333333336,0.04746632456703015,13.83,0.85,-12.98,0.019719675473742745,0.0024819692235816273,0.03617009418714819,0.03734679163662581,0.15001403311815886
106,10/11,15,Blackburn Rovers,43,39.4,4.6,13.2,2.3,41.4,0.1,11.8,3.4,1.7,1.16,1.54,-14.0,11.0,17.0,46.0,5.0,453.0,135.0,10.0,9.0,1.0,2.0,39.0,7.0,1.0,8.0,59.0,0.0,183.0,734.0,748.0,11.0,1521.0,799.0,1.0,8.0,6.0,11178.0,54.0,2057.0,1558.0,821.0,44.0,8.0,357.0,0.0,50.0,26.0,73.25,0.022710854393193876,75.0,75.0,75.0,75.0,0.04892367906066536,0.04924491135915955,0.048828125,0.04810776138550353,5.05,0.275,-4.7749999999999995,0.007200604565611053,0.0008029900429234678,0.013306024633561833,0.039541160593792174,0.13938092682054035
107,10/11,16,Wigan Athletic,42,31.2,4.5,13.1,1.8,50.2,0.1,13.4,4.5,1.7,1.05,1.65,-22.0,9.0,14.0,40.0,4.0,511.0,170.0,9.0,3.0,2.0,5.0,32.0,8.0,5.0,7.0,61.0,0.0,116.0,763.0,914.0,20.0,1196.0,628.0,0.0,6.0,4.0,15180.0,111.0,2217.0,2183.0,620.0,39.0,5.0,540.0,1.0,50.0,25.0,72.0,0.022323297150989203,71.0,74.0,72.0,73.0,0.047619047619047616,0.04727511490479317,0.048177083333333336,0.045542014111610005,11.4,3.4,-8.0,0.01625483010850812,0.009927876894326509,0.022292816139998884,0.029695885509838996,0.14380764163372858
108,10/11,18,Birmingham City,39,33.6,3.9,11.3,2.4,48.1,0.1,10.6,3.2,1.4,0.97,1.51,-20.0,8.0,15.0,37.0,3.0,401.0,121.0,11.0,10.0,2.0,0.0,34.0,3.0,1.0,9.0,58.0,0.0,179.0,573.0,668.0,7.0,1261.0,771.0,4.0,6.0,5.0,14036.0,82.0,2657.0,2221.0,784.0,30.0,9.0,375.0,1.0,71.0,21.0,75.55,0.023423959718850473,77.0,77.0,76.0,76.0,0.04957599478147423,0.04990151017728168,0.050130208333333336,0.04939063502245029,25.6,0.175,-25.425,0.03650207462963227,0.0005109936636785703,0.07084935629493395,0.04182111200644641,0.15823596466229695
109,10/11,19,Blackpool,39,43.0,4.7,11.7,2.6,49.9,0.1,13.9,4.2,1.2,1.43,2.0,-21.0,10.0,19.0,55.0,2.0,531.0,161.0,11.0,8.0,7.0,3.0,44.0,11.0,3.0,6.0,78.0,3.0,206.0,451.0,780.0,7.0,1616.0,860.0,5.0,3.0,2.0,15113.0,75.0,2582.0,2543.0,836.0,46.0,16.0,499.0,0.0,49.0,29.0,27.08,0.00839604009512205,70.0,70.0,69.0,69.0,0.04500978473581213,0.04530531845042679,0.045572916666666664,0.04490057729313662,5.73,0.7,-5.03,0.00817019092296066,0.002043974654714281,0.0140166081480243,0.04069861900893582,0.16826573148944618
110,11/12,2,Manchester United,89,30.8,7.3,10.2,2.4,57.6,0.0,16.9,6.4,1.3,2.38,0.89,55.0,28.0,5.0,89.0,1.0,646.0,243.0,17.0,16.0,9.0,2.0,74.0,15.0,2.0,20.0,33.0,0.0,138.0,574.0,803.0,6.0,1165.0,749.0,2.0,3.0,2.0,20184.0,103.0,2189.0,2765.0,1018.0,64.0,3.0,521.0,1.0,37.0,26.0,405.3,0.12314619851057818,86.0,80.0,84.0,83.0,0.054177545691906005,0.055445544554455446,0.05204944697462589,0.055163566388710714,62.3,12.9,-49.4,0.09748845943196933,0.030198396441739335,0.23315634218289086,0.030791575889615105,0.13698969480776854
111,11/12,3,Arsenal,70,20.1,6.9,10.7,2.3,60.2,0.1,16.9,6.3,1.7,1.92,1.27,24.0,21.0,10.0,74.0,4.0,637.0,236.0,15.0,9.0,2.0,2.0,64.0,10.0,9.0,13.0,49.0,0.0,93.0,605.0,751.0,25.0,766.0,411.0,5.0,4.0,3.0,20599.0,294.0,1665.0,2754.0,896.0,74.0,3.0,587.0,1.0,52.0,27.0,276.8,0.08410280717426113,84.0,82.0,80.0,81.0,0.05287206266318538,0.052805280528052806,0.053350683148991544,0.05388069275176395,65.48,78.29,12.810000000000002,0.10246459588451609,0.18327383390881957,-0.06046017699115045,0.02935103244837758,0.13369581047623671
112,11/12,5,Newcastle United,65,26.2,4.5,10.6,2.6,47.1,0.1,12.9,4.1,1.8,1.49,1.3,7.0,19.0,11.0,56.0,2.0,489.0,154.0,19.0,6.0,2.0,3.0,44.0,12.0,4.0,15.0,51.0,1.0,143.0,621.0,744.0,8.0,987.0,475.0,0.0,9.0,7.0,14638.0,97.0,2130.0,2384.0,730.0,27.0,12.0,592.0,2.0,59.0,23.0,104.8,0.03184239231164222,71.0,77.0,75.0,76.0,0.04960835509138381,0.04950495049504951,0.05009759271307743,0.045542014111610005,27.0,16.04,-10.96,0.04225021516313278,0.037549013870193715,0.05172861356932154,0.03875457875457875,0.1628637792048094
113,11/12,8,Liverpool,52,19.1,8.2,10.7,3.5,56.0,0.1,17.7,5.5,1.4,1.27,1.05,8.0,14.0,14.0,47.0,5.0,667.0,207.0,33.0,8.0,1.0,2.0,40.0,7.0,3.0,12.0,40.0,0.0,108.0,505.0,728.0,5.0,720.0,365.0,3.0,5.0,4.0,18797.0,105.0,2260.0,2991.0,1103.0,66.0,2.0,440.0,1.0,22.0,19.0,258.75,0.07861850200989909,83.0,81.0,80.0,80.0,0.05221932114882506,0.052805280528052806,0.052700065061808715,0.05323925593329057,65.33,22.0,-43.33,0.10222987246694312,0.05150114121847018,0.20450737463126842,0.035685320356853206,0.15912113635154546
114,11/12,9,Fulham,52,26.8,5.0,9.9,2.2,49.4,0.0,14.3,5.1,1.4,1.3,1.32,-1.0,14.0,14.0,48.0,0.0,541.0,195.0,24.0,7.0,3.0,2.0,42.0,6.0,3.0,11.0,51.0,0.0,141.0,644.0,669.0,3.0,1005.0,479.0,2.0,3.0,3.0,17669.0,64.0,2004.0,3004.0,649.0,38.0,4.0,469.0,0.0,69.0,26.0,106.75,0.0324348795731661,78.0,77.0,76.0,77.0,0.05026109660574413,0.050165016501650166,0.05009759271307743,0.05003207184092367,18.13,7.67,-10.459999999999999,0.028370237070651748,0.017955170597530285,0.04936873156342182,0.03853769992383854,0.17001528100062255
115,11/12,16,Aston Villa,38,34.7,5.7,10.9,2.2,44.0,0.1,11.6,3.6,1.8,1.0,1.38,-14.0,7.0,14.0,37.0,2.0,438.0,138.0,9.0,3.0,3.0,0.0,29.0,8.0,1.0,9.0,53.0,0.0,176.0,740.0,774.0,4.0,1301.0,682.0,2.0,7.0,6.0,13158.0,62.0,1980.0,2013.0,834.0,39.0,8.0,300.0,0.0,41.0,15.0,116.75,0.03547327578610906,77.0,75.0,76.0,76.0,0.04960835509138381,0.050165016501650166,0.048796356538711776,0.04939063502245029,20.34,43.75,23.41,0.03182849542289336,0.10241704219582139,-0.11048967551622418,0.036988110964332896,0.15298677610579114
116,11/12,17,Queens Park Rangers,37,36.6,5.3,10.9,2.2,45.8,0.2,14.5,4.0,1.4,1.11,1.7,-22.0,10.0,21.0,43.0,9.0,539.0,150.0,15.0,10.0,2.0,3.0,36.0,7.0,0.0,7.0,66.0,0.0,187.0,547.0,764.0,1.0,1412.0,800.0,2.0,3.0,3.0,13383.0,42.0,2149.0,2005.0,796.0,23.0,8.0,429.0,0.0,26.0,22.0,50.18,0.015246672196547774,73.0,75.0,70.0,72.0,0.04699738903394256,0.0462046204620462,0.048796356538711776,0.04682488774855677,26.23,2.8,-23.43,0.041045301619591586,0.006554690700532568,0.11058407079646018,0.04134248665141114,0.1498169319285661
117,11/12,18,Bolton Wanderers,36,32.7,5.4,12.4,1.4,46.5,0.1,12.8,4.3,1.3,1.19,2.03,-31.0,10.0,22.0,46.0,5.0,495.0,163.0,8.0,7.0,5.0,0.0,40.0,6.0,0.0,3.0,77.0,0.0,169.0,694.0,732.0,9.0,1255.0,648.0,1.0,3.0,2.0,13580.0,101.0,2123.0,1955.0,769.0,25.0,8.0,442.0,1.0,58.0,16.0,98.1,0.029806666848970438,76.0,75.0,75.0,76.0,0.04960835509138381,0.04950495049504951,0.048796356538711776,0.048749198203976905,15.6,16.33,0.7299999999999986,0.024411235427587826,0.03822789254989173,-0.0034454277286135628,0.03751753155680224,0.14396170839469807
118,11/12,19,Blackburn Rovers,31,34.8,4.4,12.3,1.5,41.8,0.1,12.0,3.8,1.8,1.27,2.05,-29.0,8.0,23.0,48.0,5.0,453.0,143.0,10.0,13.0,4.0,2.0,41.0,7.0,2.0,3.0,78.0,0.0,149.0,716.0,690.0,6.0,1328.0,575.0,4.0,3.0,2.0,12424.0,59.0,2067.0,1934.0,610.0,37.0,6.0,370.0,1.0,53.0,10.0,65.65,0.019947071137970535,73.0,76.0,75.0,75.0,0.0489556135770235,0.04950495049504951,0.0494469746258946,0.04682488774855677,20.55,40.3,19.749999999999996,0.032157108207495504,0.09434072686837947,-0.09321533923303833,0.04139402560455192,0.15566645202833226
119,11/12,20,Wolverhampton Wanderers,25,31.1,5.5,9.9,2.2,48.2,0.1,12.5,4.0,1.7,1.03,2.14,-41.0,5.0,23.0,40.0,4.0,473.0,152.0,10.0,9.0,3.0,0.0,37.0,3.0,1.0,4.0,82.0,9.0,159.0,598.0,619.0,4.0,1178.0,495.0,2.0,7.0,5.0,14860.0,30.0,2249.0,2538.0,999.0,29.0,6.0,425.0,2.0,81.0,22.0,75.0,0.0227879715970722,77.0,74.0,72.0,73.0,0.047650130548302874,0.047524752475247525,0.048145738451528954,0.04939063502245029,12.05,2.6,-9.450000000000001,0.018856114545027777,0.006086498507637385,0.04460176991150443,0.042563681183237466,0.17079407806191116
120,12/13,1,Manchester United,89,35.1,5.8,10.0,2.5,56.0,0.0,14.8,5.6,1.5,2.19,1.03,43.0,28.0,5.0,86.0,1.0,561.0,213.0,24.0,14.0,4.0,1.0,77.0,9.0,2.0,13.0,43.0,1.0,143.0,514.0,731.0,4.0,1319.0,848.0,4.0,0.0,0.0,19696.0,103.0,1973.0,2727.0,962.0,65.0,5.0,506.0,0.0,38.0,28.0,437.65,0.12993779968231817,86.0,82.0,83.0,83.0,0.05435494433529797,0.05496688741721854,0.05412541254125412,0.05555555555555555,76.45,9.65,-66.8,0.09864007018992568,0.025903258710474043,0.16596273291925465,0.035341365461847386,0.1384545085296507
121,12/13,4,Arsenal,73,23.1,6.9,10.1,2.1,58.4,0.1,15.9,5.5,1.1,1.92,1.0,34.0,21.0,7.0,72.0,5.0,597.0,205.0,16.0,11.0,5.0,2.0,65.0,7.0,7.0,14.0,37.0,0.0,94.0,636.0,748.0,19.0,873.0,492.0,0.0,6.0,4.0,21110.0,226.0,1755.0,3079.0,951.0,50.0,5.0,411.0,1.0,31.0,20.0,282.75,0.08394816145361697,81.0,80.0,80.0,80.0,0.05239030779305828,0.052980132450331126,0.052805280528052806,0.05232558139534884,56.0,65.85,9.849999999999994,0.07225433526011561,0.1767595425994524,-0.02447204968944098,0.030057803468208095,0.14585504500236854
122,12/13,6,Everton,63,30.9,6.8,11.8,2.7,52.8,0.1,16.6,5.4,1.6,1.46,1.03,16.0,16.0,7.0,55.0,3.0,633.0,207.0,21.0,13.0,2.0,1.0,44.0,11.0,4.0,11.0,40.0,4.0,126.0,592.0,720.0,7.0,1172.0,677.0,2.0,2.0,2.0,15829.0,54.0,2055.0,2271.0,989.0,67.0,8.0,449.0,0.0,61.0,28.0,125.45,0.037245965886317414,76.0,75.0,77.0,77.0,0.0504256712508186,0.05099337748344371,0.04950495049504951,0.04909560723514212,21.65,18.75,-2.8999999999999986,0.027934042113955407,0.050330165888226766,0.007204968944099375,0.035975609756097565,0.1434708446522206
123,12/13,11,Norwich City,44,30.3,4.5,11.5,2.6,43.3,0.0,10.7,3.4,1.6,1.03,1.51,-18.0,10.0,14.0,41.0,1.0,413.0,134.0,7.0,13.0,1.0,4.0,36.0,5.0,0.0,10.0,58.0,0.0,141.0,540.0,676.0,4.0,1146.0,437.0,3.0,7.0,4.0,13403.0,47.0,1994.0,2178.0,837.0,40.0,5.0,387.0,2.0,46.0,19.0,66.4,0.019714086367887417,72.0,72.0,73.0,72.0,0.047151277013752456,0.048344370860927154,0.047524752475247525,0.046511627906976744,11.08,0.38,-10.7,0.014296036333608588,0.001020024695334729,0.026583850931677016,0.04662828947368421,0.1625009326270238
124,12/13,12,Fulham,43,33.2,4.8,10.9,2.0,49.3,0.1,12.2,4.2,1.3,1.27,1.62,-13.0,11.0,17.0,50.0,3.0,460.0,160.0,19.0,10.0,6.0,1.0,43.0,7.0,2.0,8.0,60.0,0.0,161.0,745.0,680.0,3.0,1274.0,669.0,0.0,6.0,3.0,16940.0,40.0,2131.0,2887.0,733.0,34.0,7.0,446.0,3.0,67.0,24.0,87.25,0.025904428246960497,78.0,77.0,75.0,76.0,0.04977079240340537,0.04966887417218543,0.050825082508250824,0.050387596899224806,10.0,31.42,21.42,0.012902559867877788,0.08433993665109787,-0.05321739130434783,0.03557894736842106,0.1704250295159386
125,12/13,13,Stoke City,42,30.4,4.4,12.9,1.9,43.4,0.1,10.3,3.0,2.1,0.89,1.19,-11.0,9.0,14.0,34.0,4.0,390.0,114.0,12.0,9.0,3.0,0.0,33.0,1.0,1.0,12.0,45.0,9.0,159.0,499.0,728.0,5.0,1161.0,567.0,4.0,6.0,6.0,12287.0,32.0,1989.0,1838.0,855.0,35.0,3.0,397.0,0.0,91.0,6.0,95.1,0.028235084541959235,75.0,76.0,75.0,75.0,0.04911591355599214,0.04966887417218543,0.050165016501650166,0.04844961240310078,23.68,0.64,-23.04,0.0305532617671346,0.001717936328984807,0.05724223602484472,0.04612876935615322,0.14958899650036625
126,12/13,15,Aston Villa,41,40.7,4.7,11.9,2.5,45.6,0.1,11.6,3.7,1.9,1.22,1.81,-22.0,10.0,17.0,47.0,3.0,438.0,141.0,10.0,7.0,3.0,1.0,35.0,12.0,6.0,5.0,69.0,2.0,177.0,769.0,741.0,9.0,1520.0,733.0,5.0,8.0,7.0,14247.0,58.0,1900.0,2236.0,676.0,33.0,9.0,505.0,1.0,101.0,25.0,112.4,0.03337143535768894,76.0,72.0,72.0,75.0,0.04911591355599214,0.04768211920529802,0.047524752475247525,0.04909560723514212,27.83,3.2,-24.63,0.03590782411230388,0.008589681644924034,0.061192546583850926,0.036026490066225166,0.156945321822138
127,12/13,17,Sunderland,39,30.1,4.8,12.0,1.8,43.4,0.1,11.1,3.7,1.6,1.11,1.43,-12.0,9.0,17.0,41.0,3.0,417.0,139.0,7.0,2.0,4.0,1.0,33.0,8.0,3.0,11.0,54.0,0.0,178.0,582.0,784.0,9.0,1155.0,607.0,4.0,4.0,4.0,13109.0,52.0,1952.0,1984.0,868.0,30.0,8.0,423.0,0.0,52.0,39.0,107.0,0.03176818134584267,77.0,75.0,74.0,75.0,0.04911591355599214,0.04900662251655629,0.04950495049504951,0.04974160206718346,38.3,14.83,-23.47,0.049416804293971925,0.039807805873194824,0.058310559006211175,0.04143484626647145,0.1513464032344191
128,12/13,19,Reading,28,34.4,5.0,10.4,2.2,40.4,0.0,10.2,3.3,1.2,1.11,1.86,-28.0,6.0,22.0,43.0,1.0,394.0,128.0,9.0,12.0,4.0,1.0,39.0,4.0,2.0,5.0,73.0,0.0,166.0,560.0,602.0,10.0,1300.0,620.0,0.0,4.0,4.0,11806.0,38.0,1855.0,1760.0,1009.0,25.0,12.0,442.0,0.0,47.0,37.0,32.5,0.009649213960185858,73.0,70.0,70.0,71.0,0.04649639816633923,0.046357615894039736,0.0462046204620462,0.047157622739018086,10.82,0.9,-9.92,0.013960569777043767,0.0024158479626348846,0.024645962732919253,0.0512908777969019,0.14907674064035237
129,12/13,20,Queens Park Rangers,25,35.7,4.6,10.9,2.9,45.2,0.1,13.2,3.9,1.5,0.81,1.59,-29.0,4.0,21.0,30.0,3.0,500.0,146.0,9.0,4.0,1.0,0.0,18.0,12.0,3.0,7.0,60.0,0.0,174.0,660.0,818.0,4.0,1363.0,703.0,5.0,3.0,3.0,13632.0,50.0,1800.0,1925.0,683.0,32.0,8.0,453.0,0.0,56.0,37.0,116.5,0.03458872081112777,79.0,74.0,74.0,76.0,0.04977079240340537,0.04900662251655629,0.04884488448844884,0.05103359173126615,50.35,4.51,-45.84,0.06496438893476467,0.01210608256831481,0.11388819875776399,0.03707713125845737,0.1412118544600939
130,13/14,3,Chelsea,82,30.4,6.5,11.2,2.8,55.0,0.1,17.9,6.0,1.5,1.86,0.7,43.0,25.0,6.0,71.0,3.0,692.0,229.0,19.0,6.0,5.0,2.0,54.0,17.0,5.0,18.0,27.0,96.0,95.0,380.0,733.0,4.0,1141.0,741.0,2.0,1.0,1.0,18266.0,53.0,2052.0,2800.0,809.0,44.0,2.0,392.0,0.0,42.0,16.0,514.75,0.13992981082631306,83.0,81.0,82.0,82.0,0.053735255570117955,0.05466666666666667,0.05343007915567282,0.05382619974059663,130.35,77.93,-52.41999999999999,0.1410088597051092,0.1918182489477441,0.10116956807040565,0.04043126684636118,0.15329026606810467
131,13/14,4,Arsenal,79,32.0,5.6,9.3,2.0,56.7,0.1,13.8,5.5,1.4,1.78,1.11,25.0,24.0,7.0,68.0,4.0,523.0,213.0,15.0,12.0,3.0,0.0,63.0,5.0,4.0,17.0,41.0,116.0,101.0,541.0,714.0,14.0,1207.0,703.0,2.0,6.0,5.0,21561.0,144.0,1799.0,3211.0,753.0,50.0,3.0,367.0,1.0,70.0,27.0,295.5,0.0803288180654211,80.0,79.0,79.0,80.0,0.05242463958060288,0.05266666666666667,0.052110817941952506,0.05188067444876784,49.25,12.15,-37.1,0.05327722547354529,0.029906220001476847,0.0716022696568495,0.03450199203187251,0.14892630211956773
132,13/14,5,Everton,72,29.3,6.7,9.7,2.1,55.6,0.0,14.9,5.2,1.5,1.59,1.05,20.0,21.0,8.0,61.0,1.0,561.0,196.0,14.0,6.0,3.0,5.0,49.0,12.0,3.0,15.0,39.0,117.0,130.0,463.0,744.0,9.0,1103.0,672.0,4.0,6.0,3.0,18301.0,49.0,2239.0,2871.0,848.0,28.0,2.0,471.0,2.0,59.0,14.0,157.25,0.04274689218540598,76.0,76.0,77.0,77.0,0.05045871559633028,0.051333333333333335,0.05013192612137203,0.04928664072632944,31.8,46.1,14.3,0.03440032020423838,0.11347133679572698,-0.027598718493071373,0.03678541839270919,0.1568766734058248
133,13/14,7,Manchester United,64,36.4,5.8,10.7,2.5,55.7,0.1,14.0,4.9,1.7,1.7,1.14,21.0,19.0,12.0,64.0,3.0,526.0,183.0,16.0,10.0,5.0,5.0,53.0,11.0,1.0,13.0,43.0,103.0,108.0,595.0,676.0,4.0,1382.0,856.0,1.0,4.0,3.0,18894.0,61.0,2077.0,2898.0,1000.0,38.0,1.0,491.0,0.0,32.0,14.0,389.25,0.10581384917754708,85.0,80.0,82.0,82.0,0.053735255570117955,0.05466666666666667,0.052770448548812667,0.05512321660181582,77.13,1.8,-75.33,0.08343700306141215,0.004430551111329903,0.1453854170687459,0.03485444531864673,0.1533820260400127
134,13/14,9,Stoke City,50,28.6,4.3,12.9,2.1,47.2,0.1,11.2,3.6,1.9,1.16,1.38,-8.0,13.0,14.0,45.0,5.0,428.0,137.0,14.0,2.0,4.0,2.0,31.0,14.0,3.0,9.0,52.0,127.0,153.0,474.0,791.0,5.0,1090.0,604.0,1.0,7.0,5.0,15324.0,40.0,1970.0,2453.0,731.0,36.0,2.0,469.0,2.0,84.0,17.0,98.8,0.0268578247880325,75.0,74.0,74.0,75.0,0.0491480996068152,0.04933333333333333,0.048812664907651716,0.048638132295719845,7.0,0.0,-7.0,0.007572397529234863,0.0,0.013509862199405566,0.041739130434782605,0.16007569825110937
135,13/14,10,Newcastle United,49,29.3,5.1,10.8,2.1,49.8,0.1,15.4,4.9,1.4,1.14,1.54,-15.0,15.0,19.0,43.0,6.0,579.0,182.0,14.0,8.0,2.0,1.0,35.0,8.0,3.0,10.0,59.0,108.0,101.0,601.0,736.0,15.0,1110.0,596.0,1.0,5.0,5.0,16087.0,131.0,1810.0,2424.0,787.0,45.0,4.0,453.0,0.0,51.0,21.0,169.0,0.04594101608479244,77.0,76.0,77.0,77.0,0.05045871559633028,0.051333333333333335,0.05013192612137203,0.04993514915693904,3.8,25.87,22.07,0.004110730087298926,0.063676865138947,-0.042594665534411554,0.03754674644727001,0.15068067383601666
136,13/14,11,Crystal Palace,45,37.2,4.5,10.7,1.9,37.5,0.1,10.8,3.7,1.5,0.84,1.24,-15.0,13.0,19.0,33.0,2.0,414.0,143.0,9.0,6.0,5.0,1.0,28.0,5.0,2.0,12.0,48.0,119.0,139.0,695.0,845.0,7.0,1409.0,852.0,2.0,6.0,6.0,11792.0,19.0,1904.0,1752.0,706.0,31.0,4.0,361.0,0.0,81.0,8.0,46.0,0.012504655265683147,70.0,70.0,68.0,70.0,0.045871559633027525,0.04533333333333334,0.04617414248021108,0.04539559014267185,33.0,0.0,-33.0,0.035698445494964356,0.0,0.06368935036862625,0.040584415584415584,0.1485753052917232
137,13/14,12,Swansea City,42,28.4,6.0,9.8,2.1,57.6,0.1,13.2,4.2,1.4,1.38,1.43,-2.0,11.0,18.0,54.0,3.0,496.0,161.0,7.0,9.0,4.0,0.0,45.0,9.0,0.0,8.0,54.0,96.0,117.0,644.0,674.0,7.0,1083.0,606.0,1.0,4.0,4.0,21113.0,49.0,2126.0,3312.0,902.0,20.0,6.0,400.0,0.0,45.0,20.0,110.25,0.029970396587860153,77.0,74.0,75.0,76.0,0.04980340760157274,0.05,0.048812664907651716,0.04993514915693904,26.61,0.0,-26.61,0.02878592832184853,0.0,0.05135677616088316,0.032169954476479516,0.15687017477383602
138,13/14,13,West Ham United,40,36.9,5.0,10.8,2.0,42.9,0.1,11.3,3.3,1.6,1.08,1.32,-9.0,11.0,20.0,40.0,5.0,422.0,122.0,11.0,5.0,2.0,1.0,36.0,4.0,2.0,14.0,51.0,151.0,199.0,404.0,651.0,12.0,1401.0,820.0,1.0,6.0,6.0,12364.0,34.0,2061.0,2016.0,951.0,33.0,8.0,371.0,0.0,54.0,9.0,95.75,0.026028711775851334,75.0,75.0,72.0,74.0,0.04849279161205767,0.048,0.04947229551451187,0.048638132295719845,24.0,0.53,-23.47,0.025962505814519532,0.0013045511605582494,0.04529663797429266,0.05412322274881517,0.16305402782271108
139,13/14,15,Aston Villa,38,28.3,4.4,13.0,2.3,43.7,0.0,11.5,3.6,2.1,1.05,1.57,-19.0,10.0,20.0,39.0,0.0,431.0,135.0,11.0,10.0,2.0,3.0,33.0,6.0,4.0,9.0,61.0,110.0,126.0,460.0,747.0,4.0,1068.0,487.0,4.0,6.0,5.0,13856.0,30.0,2298.0,2231.0,749.0,27.0,3.0,359.0,1.0,102.0,15.0,105.0,0.0285432348455811,73.0,71.0,73.0,74.0,0.04849279161205767,0.048666666666666664,0.04683377308707124,0.04734111543450065,19.84,8.1,-11.74,0.021462338140002812,0.019937480000984564,0.022657968888717336,0.04664457332228666,0.1610132794457275
140,14/15,4,Manchester United,70,29.2,5.8,11.8,2.4,61.2,0.1,13.6,4.8,1.7,1.68,1.0,25.0,20.0,8.0,62.0,5.0,512.0,180.0,11.0,12.0,3.0,2.0,55.0,7.0,2.0,11.0,37.0,100.0,96.0,679.0,739.0,4.0,1118.0,638.0,1.0,4.0,3.0,21311.0,89.0,2969.0,3457.0,908.0,43.0,5.0,393.0,1.0,33.0,7.0,505.4,0.12353041820448267,85.0,80.0,76.0,81.0,0.053289473684210525,0.05080213903743316,0.05305039787798409,0.055446836268754074,195.35,46.7,-148.64999999999998,0.15834353292102682,0.06978377489876122,0.26333038086802474,0.027362482369534553,0.16221669560320962
141,14/15,5,Tottenham Hotspur,64,27.7,5.9,11.7,2.0,56.9,0.1,13.8,4.5,2.1,1.54,1.43,4.0,19.0,12.0,58.0,4.0,527.0,171.0,11.0,8.0,3.0,4.0,47.0,11.0,2.0,9.0,53.0,119.0,117.0,674.0,815.0,6.0,1047.0,636.0,2.0,7.0,5.0,19322.0,69.0,2357.0,2604.0,742.0,39.0,1.0,552.0,1.0,51.0,28.0,304.15,0.0743406741133625,80.0,77.0,77.0,79.0,0.05197368421052632,0.051470588235294115,0.05106100795755968,0.05218525766470972,48.48,44.15,-4.329999999999998,0.03929610686466025,0.06597331181542415,0.007670504871567756,0.028945601074546676,0.1347686574888728
142,14/15,6,Liverpool,62,31.3,5.1,10.3,2.0,55.8,0.1,15.6,5.1,1.7,1.38,1.14,9.0,18.0,12.0,52.0,3.0,590.0,192.0,12.0,5.0,5.0,1.0,44.0,8.0,2.0,14.0,48.0,93.0,105.0,442.0,798.0,9.0,1175.0,628.0,2.0,3.0,1.0,19374.0,103.0,2151.0,2787.0,638.0,34.0,3.0,468.0,2.0,38.0,41.0,324.85,0.07940019064844915,81.0,79.0,79.0,80.0,0.05263157894736842,0.052807486631016046,0.05238726790450928,0.05283757338551859,151.43,99.27,-52.16000000000001,0.12274359452383461,0.14833908638543952,0.09240035429583704,0.03564516129032258,0.14385258593991948
143,14/15,7,Southampton,60,23.2,5.5,12.5,2.3,53.3,0.1,13.4,4.5,1.5,1.46,0.84,23.0,18.0,14.0,54.0,3.0,509.0,169.0,17.0,3.0,2.0,0.0,50.0,4.0,0.0,15.0,33.0,80.0,94.0,619.0,813.0,5.0,875.0,400.0,0.0,2.0,2.0,18184.0,38.0,2729.0,2850.0,952.0,44.0,4.0,422.0,0.0,50.0,15.0,210.25,0.051389533888983936,76.0,76.0,73.0,75.0,0.049342105263157895,0.04879679144385027,0.050397877984084884,0.04957599478147423,96.0,123.83,27.83,0.07781407299932723,0.1850390759253448,-0.04930026572187776,0.03261173184357542,0.15673119225692916
144,14/15,8,Swansea City,56,31.6,4.0,10.4,2.2,50.0,0.1,11.4,3.9,1.3,1.24,1.3,-2.0,16.0,14.0,46.0,5.0,426.0,147.0,12.0,5.0,2.0,2.0,38.0,8.0,1.0,13.0,49.0,141.0,146.0,693.0,634.0,0.0,1203.0,646.0,1.0,2.0,2.0,17877.0,56.0,2291.0,2918.0,634.0,35.0,3.0,363.0,0.0,91.0,31.0,130.75,0.031958057341187396,77.0,73.0,74.0,75.0,0.049342105263157895,0.04946524064171123,0.04840848806366048,0.0502283105022831,41.53,61.9,20.369999999999997,0.033662692204813126,0.09249712347394688,-0.03608503100088573,0.037678975131876416,0.1632264921407395
145,14/15,12,West Ham United,47,39.0,6.4,11.1,2.4,45.2,0.1,13.1,4.1,1.7,1.19,1.22,-1.0,12.0,15.0,44.0,2.0,488.0,152.0,13.0,15.0,1.0,1.0,35.0,9.0,1.0,9.0,47.0,133.0,165.0,505.0,647.0,7.0,1474.0,835.0,2.0,5.0,2.0,13568.0,42.0,2548.0,2180.0,968.0,37.0,3.0,404.0,3.0,52.0,15.0,135.9,0.03321682594774277,76.0,73.0,72.0,74.0,0.04868421052631579,0.0481283422459893,0.04840848806366048,0.04957599478147423,35.15,4.4,-30.75,0.0284912986033995,0.006574916692816904,0.05447298494242692,0.04756944444444444,0.16067216981132076
146,14/15,13,West Bromwich Albion,44,28.9,4.5,11.2,1.7,43.9,0.1,10.8,3.4,1.7,1.0,1.27,-10.0,11.0,16.0,38.0,3.0,412.0,132.0,10.0,16.0,4.0,0.0,35.0,3.0,1.0,16.0,51.0,131.0,155.0,585.0,696.0,2.0,1084.0,597.0,0.0,7.0,5.0,14445.0,56.0,2732.0,2147.0,712.0,25.0,4.0,507.0,1.0,76.0,13.0,95.95,0.023452203456114193,74.0,73.0,72.0,75.0,0.049342105263157895,0.0481283422459893,0.04840848806366048,0.04827136333985649,24.88,2.3,-22.58,0.020166813918992308,0.003436888271245199,0.039999999999999994,0.04379391100702576,0.14863274489442713
147,14/15,16,Sunderland,38,26.2,4.9,11.7,1.8,45.3,0.1,10.6,3.3,2.5,0.81,1.35,-20.0,7.0,14.0,31.0,2.0,408.0,130.0,11.0,8.0,4.0,2.0,25.0,6.0,2.0,13.0,53.0,144.0,168.0,578.0,759.0,4.0,994.0,525.0,5.0,4.0,4.0,14451.0,40.0,2484.0,2290.0,687.0,23.0,3.0,411.0,0.0,82.0,17.0,91.0,0.022242319067289126,75.0,73.0,73.0,74.0,0.04868421052631579,0.04879679144385027,0.04840848806366048,0.04892367906066536,22.52,7.25,-15.27,0.018253884624425513,0.010833669550664216,0.027050487156775906,0.04091249065071055,0.1584665421078126
148,14/15,19,Burnley,33,38.5,4.6,10.9,1.7,42.5,0.1,11.5,3.3,1.7,0.73,1.43,-26.0,7.0,19.0,28.0,2.0,430.0,125.0,13.0,8.0,1.0,1.0,24.0,4.0,0.0,10.0,53.0,128.0,180.0,568.0,615.0,3.0,1458.0,999.0,2.0,5.0,3.0,13632.0,17.0,3021.0,1891.0,783.0,27.0,8.0,345.0,2.0,53.0,15.0,42.4,0.010363454158824822,70.0,69.0,69.0,70.0,0.046052631578947366,0.046122994652406414,0.045755968169761276,0.045662100456621,12.62,0.0,-12.62,0.010229308346369892,0.0,0.02235606731620903,0.04860524091293322,0.13871772300469484
149,14/15,20,Queens Park Rangers,30,38.4,4.7,11.9,2.2,44.8,0.1,13.9,4.0,2.0,1.11,1.84,-27.0,8.0,24.0,42.0,3.0,534.0,150.0,16.0,10.0,3.0,1.0,34.0,8.0,1.0,6.0,73.0,142.0,159.0,561.0,781.0,6.0,1445.0,884.0,4.0,4.0,2.0,13659.0,17.0,3004.0,1922.0,756.0,39.0,6.0,468.0,2.0,57.0,20.0,112.25,0.027436267201134113,77.0,74.0,74.0,75.0,0.049342105263157895,0.04946524064171123,0.04907161803713528,0.0502283105022831,43.54,26.04,-17.5,0.03529192435823654,0.03891155242748912,0.03100088573959256,0.041132637853949335,0.14071308294897136
150,15/16,1,Leicester City,81,27.7,5.2,10.6,1.4,42.5,0.1,13.6,4.7,1.3,1.81,0.95,32.0,23.0,3.0,68.0,3.0,522.0,179.0,11.0,11.0,10.0,0.0,65.0,3.0,6.0,15.0,36.0,99.0,166.0,819.0,869.0,0.0,1040.0,552.0,0.0,4.0,4.0,13370.0,54.0,2695.0,1970.0,762.0,61.0,7.0,366.0,0.0,49.0,22.0,87.8,0.02171842726924171,74.0,75.0,73.0,74.0,0.04798962386511025,0.04828042328042328,0.0489556135770235,0.04774193548387097,49.9,9.45,-40.45,0.033900608036957776,0.013516992790937177,0.052340100668969894,0.034063981042654026,0.14734480179506357
151,15/16,3,Tottenham Hotspur,70,28.0,6.6,12.1,1.9,57.2,0.0,17.3,6.7,1.9,1.84,0.81,38.0,19.0,6.0,69.0,0.0,659.0,252.0,19.0,7.0,5.0,2.0,59.0,10.0,3.0,13.0,35.0,89.0,140.0,645.0,805.0,1.0,1046.0,576.0,3.0,2.0,2.0,18649.0,64.0,2554.0,2708.0,738.0,47.0,2.0,581.0,0.0,38.0,27.0,298.0,0.07371402421678849,78.0,76.0,78.0,78.0,0.05058365758754864,0.051587301587301584,0.04960835509138381,0.05032258064516129,71.0,87.25,16.25,0.048235334080641325,0.12479974825494908,-0.021026616461576282,0.029517241379310343,0.14520885838382755
152,15/16,4,Manchester City,66,25.0,6.8,10.5,1.6,57.1,0.0,16.1,5.5,1.6,1.89,1.08,30.0,19.0,10.0,71.0,0.0,615.0,210.0,15.0,13.0,5.0,0.0,57.0,14.0,5.0,16.0,41.0,86.0,66.0,630.0,729.0,3.0,940.0,513.0,1.0,1.0,1.0,20488.0,84.0,2082.0,2895.0,866.0,50.0,2.0,556.0,0.0,38.0,41.0,480.85,0.11894425686121728,88.0,83.0,81.0,83.0,0.05382619974059663,0.05357142857142857,0.054177545691906005,0.0567741935483871,208.47,67.44,-141.03,0.14162845205339855,0.09646412633024373,0.18248515197391404,0.03156732891832229,0.14130222569308865
153,15/16,7,West Ham United,62,26.6,5.8,10.0,2.2,48.3,0.1,14.5,4.8,1.5,1.73,1.32,15.0,16.0,8.0,65.0,5.0,558.0,185.0,19.0,15.0,4.0,4.0,55.0,10.0,2.0,11.0,51.0,111.0,162.0,668.0,711.0,1.0,1003.0,568.0,2.0,8.0,6.0,15031.0,32.0,2568.0,2236.0,805.0,39.0,8.0,389.0,2.0,50.0,19.0,139.5,0.0345070683833624,76.0,77.0,75.0,76.0,0.04928664072632944,0.0496031746031746,0.05026109660574413,0.04903225806451613,52.7,18.52,-34.18000000000001,0.03580284656408166,0.026490445131021854,0.04422706157887246,0.03749093546047861,0.14875923092275964
154,15/16,8,Liverpool,60,22.6,7.1,11.0,2.5,56.9,0.1,16.8,5.5,1.6,1.69,1.36,12.0,16.0,10.0,63.0,3.0,629.0,202.0,16.0,12.0,2.0,1.0,48.0,15.0,1.0,11.0,50.0,81.0,108.0,549.0,871.0,4.0,871.0,407.0,1.0,3.0,2.0,19733.0,75.0,2370.0,2842.0,780.0,36.0,2.0,560.0,1.0,41.0,18.0,334.25,0.08268091474651527,82.0,79.0,79.0,79.0,0.051232166018158234,0.052248677248677246,0.05156657963446475,0.05290322580645161,126.5,90.55,-35.95,0.08594041917184687,0.1295199679597208,0.046517345341148764,0.03035211267605634,0.14402270308620077
155,15/16,15,Crystal Palace,42,25.5,5.8,12.3,2.2,45.6,0.1,12.2,4.0,1.6,1.03,1.27,-9.0,11.0,18.0,39.0,2.0,469.0,153.0,12.0,7.0,4.0,1.0,33.0,6.0,0.0,8.0,51.0,122.0,176.0,698.0,649.0,3.0,963.0,506.0,4.0,4.0,4.0,13785.0,16.0,2759.0,2185.0,969.0,36.0,4.0,467.0,0.0,43.0,5.0,120.25,0.02974534030895576,71.0,76.0,75.0,75.0,0.048638132295719845,0.0496031746031746,0.04960835509138381,0.045806451612903226,28.8,5.4,-23.4,0.019565881993274227,0.007723995880535531,0.030278327704669847,0.040386043058648846,0.15850562205295612
156,15/16,16,AFC Bournemouth,42,25.5,5.9,9.3,1.8,51.9,0.0,12.3,3.9,1.4,1.22,1.75,-19.0,11.0,18.0,45.0,1.0,464.0,143.0,8.0,11.0,3.0,0.0,39.0,6.0,0.0,7.0,67.0,90.0,106.0,640.0,709.0,1.0,951.0,526.0,0.0,6.0,4.0,17270.0,33.0,2484.0,2541.0,749.0,25.0,2.0,410.0,2.0,58.0,12.0,49.0,0.0121207623712169,75.0,71.0,72.0,73.0,0.04734111543450065,0.047619047619047616,0.04634464751958225,0.04838709677419355,55.11,0.65,-54.46,0.037440130439213286,0.0009297402448792769,0.07046827892291965,0.035656041512231285,0.14713375796178343
157,15/16,17,Sunderland,39,33.5,4.0,10.6,2.3,40.8,0.1,11.7,3.7,1.7,1.24,1.62,-14.0,9.0,17.0,48.0,2.0,439.0,141.0,10.0,2.0,3.0,4.0,40.0,8.0,2.0,7.0,62.0,156.0,144.0,571.0,767.0,4.0,1277.0,616.0,1.0,8.0,7.0,12799.0,57.0,2635.0,1841.0,589.0,29.0,7.0,376.0,0.0,64.0,19.0,111.75,0.027642759081295685,78.0,74.0,74.0,76.0,0.04928664072632944,0.04894179894179894,0.048302872062663184,0.05032258064516129,66.05,11.0,-55.05,0.04487244811304732,0.015734065682572376,0.07123170684367842,0.04424514200298954,0.1438393624501914
158,15/16,19,Norwich City,34,32.0,4.8,11.0,2.5,45.7,0.1,11.0,3.4,1.6,1.05,1.73,-25.0,9.0,22.0,39.0,3.0,418.0,129.0,11.0,3.0,1.0,0.0,33.0,6.0,0.0,5.0,67.0,103.0,108.0,473.0,608.0,3.0,1212.0,708.0,2.0,10.0,9.0,14483.0,17.0,2722.0,2124.0,818.0,30.0,4.0,426.0,0.0,63.0,20.0,70.15,0.017352479190629908,76.0,74.0,71.0,74.0,0.04798962386511025,0.046957671957671955,0.048302872062663184,0.04903225806451613,50.5,21.49,-29.01,0.034308230578484325,0.030738642865316395,0.037537362680020184,0.05023126734505087,0.14665469861216598
159,15/16,20,Aston Villa,17,25.6,4.4,11.5,1.1,46.5,0.1,10.1,2.9,2.0,0.73,1.95,-45.0,3.0,27.0,27.0,3.0,380.0,110.0,7.0,6.0,2.0,0.0,21.0,6.0,1.0,6.0,76.0,116.0,111.0,768.0,731.0,2.0,973.0,499.0,4.0,5.0,3.0,15308.0,12.0,2507.0,2269.0,796.0,20.0,5.0,338.0,1.0,66.0,28.0,102.05,0.02524334285678948,75.0,74.0,76.0,76.0,0.04928664072632944,0.05026455026455026,0.048302872062663184,0.04838709677419355,66.55,64.7,-1.8499999999999943,0.04521213356431944,0.09254491360567571,0.0023937994125486774,0.03569046030687125,0.14822315129344132
160,16/17,2,Tottenham Hotspur,86,26.7,7.3,11.5,2.0,60.3,0.0,17.6,6.6,1.7,2.14,0.68,54.0,26.0,4.0,86.0,0.0,669.0,257.0,22.0,10.0,7.0,0.0,74.0,12.0,3.0,17.0,26.0,85.0,99.0,314.0,661.0,1.0,1003.0,526.0,1.0,2.0,2.0,20150.0,45.0,2662.0,3130.0,761.0,41.0,1.0,484.0,0.0,21.0,11.0,365.5,0.07585662993171866,84.0,80.0,81.0,81.0,0.05182341650671785,0.05252918287937743,0.05118362124120281,0.05263157894736842,83.5,52.3,-31.200000000000003,0.050092686467775704,0.05998600708821269,0.03924330851277923,0.04071794871794872,0.15533498759305212
161,16/17,3,Manchester City,78,24.1,7.4,10.4,2.4,64.8,0.1,16.7,5.6,1.9,2.03,1.05,36.0,23.0,6.0,80.0,4.0,633.0,216.0,20.0,8.0,7.0,2.0,73.0,7.0,6.0,12.0,39.0,64.0,66.0,504.0,643.0,0.0,905.0,544.0,1.0,5.0,2.0,22706.0,124.0,1997.0,3534.0,801.0,48.0,4.0,465.0,2.0,26.0,20.0,518.0,0.10750679700309237,84.0,85.0,82.0,83.0,0.053103007037747924,0.05317769130998703,0.05438259756877799,0.05263157894736842,216.25,35.35,-180.9,0.12973105926534725,0.04054503538371546,0.22753572147313342,0.030688753269398433,0.1556416806130538
162,16/17,7,Everton,61,29.7,5.1,12.0,2.2,52.1,0.1,13.0,5.0,1.8,1.65,1.11,20.0,17.0,11.0,62.0,2.0,502.0,191.0,12.0,13.0,3.0,2.0,59.0,3.0,2.0,13.0,44.0,96.0,149.0,461.0,712.0,6.0,1118.0,628.0,1.0,6.0,3.0,17586.0,38.0,2968.0,2744.0,767.0,28.0,9.0,469.0,2.0,56.0,19.0,239.25,0.04965444243820434,81.0,79.0,81.0,80.0,0.05118362124120281,0.05252918287937743,0.05054382597568778,0.05075187969924812,86.0,60.8,-25.200000000000003,0.05159246749974503,0.06973516694002546,0.03169651841416784,0.04083546462063086,0.15603320823382236
163,16/17,9,AFC Bournemouth,46,28.8,5.2,9.7,1.4,51.4,0.1,11.9,4.2,1.4,1.46,1.78,-12.0,12.0,16.0,55.0,3.0,452.0,160.0,19.0,5.0,7.0,0.0,51.0,5.0,2.0,10.0,67.0,123.0,150.0,460.0,604.0,1.0,1092.0,616.0,5.0,5.0,2.0,17152.0,51.0,2461.0,2651.0,628.0,31.0,4.0,439.0,2.0,36.0,21.0,122.05,0.0253305107610568,76.0,72.0,72.0,73.0,0.04670505438259757,0.04669260700389105,0.046065259117082535,0.047619047619047616,40.69,23.69,-16.999999999999996,0.024410436076332854,0.027171481986993474,0.0213825719460656,0.04567669172932331,0.15455923507462688
164,16/17,10,West Bromwich Albion,45,26.4,4.2,11.9,1.6,37.3,0.0,10.4,3.2,2.1,1.14,1.32,-7.0,12.0,17.0,43.0,0.0,399.0,123.0,11.0,16.0,1.0,1.0,37.0,6.0,3.0,6.0,51.0,116.0,150.0,537.0,605.0,0.0,999.0,577.0,1.0,3.0,3.0,11825.0,37.0,2653.0,1798.0,766.0,24.0,3.0,445.0,0.0,53.0,10.0,107.6,0.02233152771724467,77.0,76.0,74.0,76.0,0.04862444017914268,0.04798962386511025,0.04862444017914268,0.04824561403508772,37.9,26.98,-10.919999999999998,0.02273668044465508,0.030944980329636298,0.013735157979472726,0.05490367775831874,0.1520507399577167
165,16/17,11,West Ham United,45,28.4,4.5,10.6,1.9,46.9,0.1,13.1,3.6,2.1,1.22,1.7,-18.0,12.0,17.0,47.0,5.0,499.0,138.0,14.0,14.0,3.0,3.0,41.0,6.0,3.0,10.0,64.0,117.0,112.0,614.0,574.0,4.0,1074.0,625.0,0.0,8.0,5.0,15127.0,37.0,2622.0,2312.0,752.0,24.0,3.0,367.0,1.0,47.0,11.0,241.5,0.05012141211630658,79.0,79.0,77.0,78.0,0.04990403071017274,0.04993514915693904,0.05054382597568778,0.04949874686716792,83.5,41.0,-42.5,0.050092686467775704,0.047025359285214535,0.05345642986516401,0.0446969696969697,0.15283929397765586
166,16/17,13,Stoke City,44,26.5,4.8,11.5,2.2,46.4,0.1,11.1,3.6,1.8,1.08,1.51,-16.0,11.0,16.0,41.0,2.0,425.0,137.0,14.0,7.0,4.0,2.0,36.0,5.0,0.0,11.0,56.0,127.0,159.0,497.0,666.0,3.0,1009.0,505.0,5.0,3.0,1.0,14558.0,54.0,2507.0,2170.0,718.0,41.0,5.0,415.0,1.0,40.0,23.0,172.25,0.03574912313471556,78.0,79.0,77.0,78.0,0.04990403071017274,0.04993514915693904,0.05054382597568778,0.04887218045112782,42.17,3.8,-38.370000000000005,0.0252983064472587,0.004358447933751591,0.048261722680619845,0.04608770421324162,0.1490589366671246
167,16/17,14,Crystal Palace,41,27.5,5.3,12.4,1.5,45.4,0.0,11.7,3.7,2.1,1.35,1.65,-11.0,12.0,21.0,50.0,0.0,439.0,138.0,8.0,13.0,4.0,0.0,48.0,2.0,0.0,7.0,63.0,108.0,125.0,553.0,699.0,4.0,1022.0,557.0,0.0,2.0,2.0,13542.0,20.0,2729.0,2108.0,872.0,27.0,7.0,496.0,0.0,56.0,12.0,157.75,0.0327397629869456,81.0,76.0,76.0,77.0,0.04926423544465771,0.04928664072632944,0.04862444017914268,0.05075187969924812,101.2,50.2,-51.0,0.06071113617411858,0.05757739112482366,0.06414771583819681,0.04361022364217253,0.15566386058189338
168,16/17,19,Middlesbrough,28,28.6,3.7,12.8,1.4,47.8,0.0,9.2,2.6,2.1,0.73,1.35,-23.0,5.0,20.0,27.0,1.0,351.0,100.0,6.0,8.0,2.0,0.0,26.0,1.0,3.0,11.0,53.0,117.0,149.0,549.0,727.0,4.0,1090.0,575.0,0.0,5.0,4.0,15736.0,37.0,2856.0,2448.0,722.0,19.0,4.0,357.0,0.0,39.0,17.0,105.0,0.021791918311437643,80.0,74.0,73.0,75.0,0.04798464491362764,0.04734111543450065,0.04734484964811261,0.05012531328320802,47.95,13.5,-34.45,0.028765800193171796,0.015483959764643812,0.04333115314952707,0.04090909090909091,0.15556685307574988
169,16/17,20,Sunderland,24,30.7,4.3,11.4,2.1,39.9,0.1,10.3,3.1,2.1,0.76,1.73,-36.0,6.0,26.0,29.0,4.0,387.0,119.0,4.0,1.0,5.0,0.0,26.0,3.0,0.0,6.0,69.0,176.0,171.0,543.0,630.0,0.0,1170.0,616.0,2.0,4.0,4.0,12359.0,38.0,2592.0,1880.0,616.0,19.0,5.0,388.0,0.0,57.0,24.0,92.75,0.019249527841769917,79.0,77.0,75.0,76.0,0.04862444017914268,0.048638132295719845,0.04926423544465771,0.04949874686716792,41.9,23.77,-18.13,0.02513633009580601,0.02726323878559877,0.02280388408130408,0.05123614663256607,0.15211586697952909
170,17/18,1,Manchester City,100,15.3,7.4,9.0,1.8,71.8,0.1,17.6,7.1,1.5,2.84,0.73,78.0,32.0,2.0,106.0,2.0,665.0,265.0,23.0,12.0,6.0,1.0,93.0,13.0,4.0,18.0,27.0,62.0,53.0,346.0,563.0,3.0,588.0,308.0,2.0,2.0,0.0,28241.0,118.0,1775.0,4546.0,691.0,63.0,4.0,406.0,2.0,21.0,15.0,606.75,0.10942783714324361,84.0,85.0,81.0,83.0,0.05300127713920817,0.052461139896373056,0.05417463352453792,0.05289672544080604,317.5,91.35,-226.15,0.14546004315696398,0.06798341904131099,0.26954065457319254,0.031023102310231025,0.16097163698169328
171,17/18,5,Chelsea,70,19.8,6.2,9.5,2.9,55.6,0.1,16.2,5.9,1.1,1.68,0.95,27.0,21.0,10.0,62.0,4.0,606.0,220.0,11.0,17.0,3.0,2.0,52.0,10.0,1.0,16.0,38.0,83.0,107.0,423.0,636.0,1.0,768.0,419.0,2.0,2.0,2.0,21264.0,70.0,2140.0,3019.0,755.0,48.0,3.0,415.0,0.0,27.0,12.0,605.9,0.10927453897831281,85.0,85.0,82.0,84.0,0.05363984674329502,0.05310880829015544,0.05417463352453792,0.0535264483627204,260.5,194.6,-65.9,0.1193459566689421,0.14482291565888472,0.07854401563729113,0.041926345609065156,0.141977050413845
172,17/18,6,Arsenal,63,21.4,6.0,10.2,2.4,62.0,0.1,15.8,6.2,1.5,1.97,1.38,22.0,19.0,13.0,74.0,2.0,594.0,234.0,17.0,13.0,4.0,1.0,68.0,7.0,0.0,13.0,51.0,100.0,104.0,427.0,623.0,5.0,829.0,449.0,0.0,6.0,5.0,23524.0,117.0,1994.0,3089.0,572.0,57.0,5.0,412.0,1.0,39.0,24.0,513.0,0.09251995130528878,86.0,82.0,80.0,83.0,0.05300127713920817,0.05181347150259067,0.052262587635436585,0.05415617128463476,152.85,162.0,9.150000000000006,0.07002698455603762,0.12056172834912295,-0.01090558031989703,0.03619047619047619,0.13131270192144193
173,17/18,8,Everton,49,32.6,3.9,12.1,2.2,45.5,0.1,9.3,3.1,1.4,1.16,1.49,-12.0,13.0,15.0,44.0,3.0,359.0,121.0,7.0,8.0,5.0,0.0,36.0,8.0,2.0,10.0,58.0,121.0,160.0,514.0,644.0,0.0,1229.0,617.0,1.0,5.0,3.0,14749.0,25.0,2726.0,2212.0,629.0,36.0,6.0,381.0,1.0,28.0,23.0,321.5,0.05798277650029307,79.0,82.0,79.0,80.0,0.05108556832694764,0.05116580310880829,0.052262587635436585,0.04974811083123426,203.2,126.38,-76.82,0.09309442762045694,0.09405303227630961,0.09155920001906986,0.04706390328151986,0.1499762695775985
174,17/18,9,Leicester City,47,24.4,5.4,9.5,2.4,48.2,0.1,11.0,3.8,1.4,1.41,1.49,-3.0,12.0,15.0,56.0,5.0,423.0,149.0,8.0,9.0,5.0,1.0,49.0,7.0,7.0,9.0,60.0,107.0,130.0,413.0,630.0,1.0,920.0,487.0,2.0,4.0,2.0,15200.0,63.0,2667.0,2094.0,744.0,35.0,4.0,358.0,2.0,29.0,23.0,227.5,0.04102980296677037,79.0,79.0,76.0,78.0,0.04980842911877394,0.04922279792746114,0.05035054174633524,0.04974811083123426,83.85,50.1,-33.74999999999999,0.03841519564948482,0.037284830804265805,0.040225501179948026,0.04966442953020134,0.13776315789473684
175,17/18,12,AFC Bournemouth,44,27.1,5.7,8.9,1.4,48.1,0.0,12.1,4.1,1.5,1.16,1.62,-17.0,11.0,16.0,45.0,1.0,465.0,158.0,10.0,4.0,3.0,1.0,38.0,7.0,0.0,6.0,61.0,111.0,160.0,367.0,508.0,3.0,1037.0,523.0,1.0,3.0,2.0,16131.0,37.0,2299.0,2257.0,707.0,24.0,6.0,419.0,1.0,37.0,20.0,118.25,0.021326480003607016,76.0,74.0,75.0,75.0,0.04789272030651341,0.048575129533678756,0.04716379859783301,0.04785894206549118,34.3,0.0,-34.3,0.015714266079634217,0.0,0.04088102786584348,0.059314285714285715,0.13991693013452358
176,17/18,14,Watford,41,25.1,4.8,11.6,2.0,49.7,0.1,11.7,3.5,1.7,1.19,1.7,-19.0,11.0,19.0,44.0,4.0,440.0,132.0,8.0,9.0,3.0,0.0,38.0,6.0,1.0,9.0,64.0,95.0,98.0,467.0,668.0,2.0,953.0,492.0,1.0,6.0,6.0,15654.0,27.0,2410.0,2241.0,713.0,36.0,5.0,410.0,0.0,25.0,28.0,159.5,0.028765949772307137,77.0,76.0,76.0,77.0,0.0491698595146871,0.04922279792746114,0.04843849585723391,0.04848866498740554,73.4,18.74,-54.66000000000001,0.03362761312668081,0.01394646166211459,0.06514743391099141,0.04431718061674009,0.1431582981985435
177,17/18,15,Brighton and Hove Albion,40,28.5,4.3,11.0,2.6,43.8,0.1,10.3,3.2,1.5,0.92,1.35,-16.0,9.0,16.0,34.0,2.0,384.0,119.0,8.0,7.0,5.0,0.0,30.0,4.0,0.0,10.0,54.0,124.0,190.0,449.0,599.0,1.0,1085.0,625.0,5.0,3.0,1.0,14675.0,32.0,2774.0,2204.0,680.0,30.0,10.0,296.0,2.0,38.0,14.0,94.25,0.01699806122909058,74.0,74.0,73.0,74.0,0.04725415070242656,0.04727979274611399,0.04716379859783301,0.04659949622166247,66.5,0.4,-66.1,0.030466434236025526,0.00029768327987437766,0.07878238897761673,0.05362595419847328,0.15018739352640545
178,17/18,19,Stoke City,33,30.3,3.7,11.5,2.2,41.0,0.0,10.2,3.4,1.6,0.89,1.81,-34.0,7.0,19.0,35.0,1.0,384.0,132.0,8.0,8.0,0.0,1.0,28.0,8.0,2.0,6.0,68.0,152.0,142.0,461.0,678.0,9.0,1164.0,609.0,2.0,5.0,5.0,12892.0,33.0,2528.0,1979.0,598.0,33.0,3.0,402.0,0.0,27.0,14.0,158.75,0.0286306866856035,78.0,77.0,77.0,77.0,0.0491698595146871,0.04987046632124352,0.049075844486934354,0.0491183879093199,57.7,35.14,-22.560000000000002,0.02643478579576952,0.026151476136964075,0.026888512788729713,0.05179982440737489,0.15350605026372943
179,17/18,20,West Bromwich Albion,31,26.5,4.7,11.6,2.1,40.3,0.0,10.0,3.1,1.9,0.84,1.46,-23.0,6.0,19.0,31.0,1.0,378.0,114.0,7.0,10.0,1.0,1.0,29.0,2.0,2.0,10.0,56.0,102.0,148.0,469.0,604.0,0.0,993.0,544.0,2.0,1.0,1.0,13218.0,34.0,2699.0,2041.0,784.0,28.0,3.0,446.0,0.0,40.0,5.0,147.25,0.026556652689481042,80.0,75.0,76.0,76.0,0.04853128991060025,0.04922279792746114,0.04780114722753346,0.05037783375314862,53.5,2.05,-51.45,0.024510589949283696,0.0015256268093561853,0.06132154179876523,0.05563839701770736,0.15441065214101982
180,18/19,1,Manchester City,98,14.5,7.9,8.6,2.6,68.1,0.0,17.9,6.8,1.2,2.46,0.59,69.0,,,,,,,,,,,,,,,,,,,,,,,,,,,,,,,,,,,,,1060.0,0.13220782071621714,85.0,87.0,83.0,85.0,0.05407124681933842,0.05351386202450032,0.055133079847908745,0.05356017643352237,78.59,57.6,-20.990000000000002,0.04749903297553428,0.09973507869721054,0.01948877932833812,,
181,18/19,3,Chelsea,72,15.6,5.7,8.9,2.2,63.7,0.0,16.0,5.2,1.3,1.7,1.05,24.0,,,,,,,,,,,,,,,,,,,,,,,,,,,,,,,,,,,,,851.75,0.10623397291984714,84.0,85.0,82.0,83.0,0.052798982188295165,0.052869116698903935,0.053865652724968315,0.052930056710775046,208.8,83.25,-125.55000000000001,0.12619669277632725,0.1441483559295621,0.11657056906492856,,
182,18/19,5,Arsenal,70,19.9,5.5,11.1,2.4,58.4,0.1,12.2,4.4,1.9,1.89,1.35,20.0,,,,,,,,,,,,,,,,,,,,,,,,,,,,,,,,,,,,,554.0,0.0690972949780984,85.0,82.0,81.0,82.0,0.05216284987277354,0.05222437137330754,0.051964512040557666,0.05356017643352237,80.15,9.1,-71.05000000000001,0.048441881829610296,0.015756757224732916,0.0659684502752941,,
183,18/19,7,Wolverhampton Wanderers,57,21.7,5.2,10.8,1.9,46.9,0.0,12.7,4.1,1.9,1.27,1.19,3.0,,,,,,,,,,,,,,,,,,,,,,,,,,,,,,,,,,,,,194.25,0.024227706768042624,75.0,80.0,75.0,76.0,0.04834605597964377,0.048355899419729204,0.050697084917617236,0.04725897920604915,112.75,23.3,-89.45,0.06814500531863456,0.040344224542448015,0.08305246836206977,,
184,18/19,8,Everton,54,21.8,5.7,11.3,1.8,51.9,0.1,13.0,4.3,1.4,1.41,1.19,8.0,,,,,,,,,,,,,,,,,,,,,,,,,,,,,,,,,,,,,400.0,0.04988974366649704,80.0,79.0,78.0,79.0,0.05025445292620865,0.05029013539651837,0.050063371356147024,0.05040957781978576,99.8,28.65,-71.15,0.060318151049221544,0.04960781258116462,0.06606129819967875,,
185,18/19,10,West Ham United,52,22.2,5.0,8.7,1.9,48.5,0.0,11.5,4.0,1.6,1.3,1.46,-6.0,,,,,,,,,,,,,,,,,,,,,,,,,,,,,,,,,,,,,285.5,0.03560880454196226,79.0,78.0,76.0,79.0,0.05025445292620865,0.049000644745325596,0.049429657794676805,0.04977945809703844,100.9,13.77,-87.13000000000001,0.060982980369403354,0.023842917251051893,0.0808983965163459,,
186,18/19,13,Newcastle United,45,29.2,4.8,11.2,1.6,40.3,0.1,11.7,3.7,1.5,1.03,1.3,-10.0,,,,,,,,,,,,,,,,,,,,,,,,,,,,,,,,,,,,,174.7,0.02178934554634258,76.0,76.0,76.0,76.0,0.04834605597964377,0.049000644745325596,0.048162230671736375,0.04788909892879647,59.75,51.05,-8.700000000000003,0.03611231989169326,0.0883936765189687,0.008077769421464586,,
187,18/19,14,AFC Bournemouth,45,27.0,5.1,9.0,1.5,46.6,0.0,11.6,4.2,1.6,1.43,1.76,-12.0,,,,,,,,,,,,,,,,,,,,,,,,,,,,,,,,,,,,,164.25,0.020485975993055346,77.0,75.0,76.0,76.0,0.04834605597964377,0.049000644745325596,0.04752851711026616,0.048519218651543794,91.6,20.2,-71.39999999999999,0.055362150662411756,0.034976538015341195,0.06629341801064037,,
188,18/19,18,Cardiff City,34,25.9,4.5,9.9,2.1,35.1,0.0,10.9,3.3,1.7,0.86,1.86,-37.0,,,,,,,,,,,,,,,,,,,,,,,,,,,,,,,,,,,,,94.25,0.011755270851418365,73.0,74.0,73.0,73.0,0.04643765903307888,0.047066408768536426,0.046894803548795945,0.045998739760554505,51.2,0.0,-51.2,0.030944782903007447,0.0,0.047538137284940996,,
189,18/19,20,Huddersfield Town,16,17.1,4.3,11.2,1.6,47.1,0.1,10.5,3.1,1.5,0.57,2.03,-54.0,,,,,,,,,,,,,,,,,,,,,,,,,,,,,,,,,,,,,116.1,0.014480498099200765,75.0,75.0,75.0,75.0,0.04770992366412214,0.048355899419729204,0.04752851711026616,0.04725897920604915,50.7,12.33,-38.370000000000005,0.030642587757470266,0.02134954028362163,0.03562574858639036,,
190,19/20,1,Liverpool,99,15.6,6.8,8.8,1.4,63.0,0.0,15.6,6.1,1.0,2.22,0.86,50.0,,,,,,,,,,,,,,,,,,,,,,,,,,,,,,,,,,,,,1070.0,0.11750003843459202,,,,,,,,,10.4,48.0,37.6,0.005741288698494016,0.051203823218800334,-0.043020102744819856,,
191,19/20,3,Manchester United,66,16.7,5.4,11.1,1.5,56.0,0.0,14.5,5.8,1.8,1.73,0.97,28.0,,,,,,,,,,,,,,,,,,,,,,,,,,,,,,,,,,,,,727.25,0.07986159154351126,,,,,,,,,236.8,81.18,-155.62,0.1307247272887868,0.08659846601879607,0.17805288269012942,,
192,19/20,6,Tottenham Hotspur,59,22.3,5.4,11.1,1.8,52.1,0.1,11.8,4.3,2.2,1.62,1.24,14.0,,,,,,,,,,,,,,,,,,,,,,,,,,,,,,,,,,,,,979.5,0.10756195107166625,,,,,,,,,150.5,64.5,-86.0,0.08308307203109129,0.06880513745026295,0.09839704351208796,,
193,19/20,7,Wolverhampton Wanderers,59,17.5,5.1,10.6,1.3,48.5,0.1,12.3,4.0,1.5,1.38,1.03,13.0,,,,,,,,,,,,,,,,,,,,,,,,,,,,,,,,,,,,,309.6,0.03399814196200906,,,,,,,,,116.7,24.1,-92.6,0.06442388376098573,0.025708586241106002,0.10594844452580633,,
194,19/20,9,Sheffield United,54,22.9,5.7,10.7,2.1,43.3,0.1,9.4,3.0,1.6,1.03,0.97,2.0,,,,,,,,,,,,,,,,,,,,,,,,,,,,,,,,,,,,,69.4,0.007621030530243633,,,,,,,,,72.5,0.35,-72.15,0.04002340679238617,0.0003733612109704191,0.08255054289996683,,
195,19/20,15,Brighton and Hove Albion,41,18.2,4.6,10.1,1.9,52.5,0.1,12.1,3.8,1.5,1.0,1.43,-16.0,,,,,,,,,,,,,,,,,,,,,,,,,,,,,,,,,,,,,207.25,0.022758769126700183,,,,,,,,,61.74,8.5,-53.24,0.03408338117740582,0.009067343694995893,0.060914634843994925,,
196,19/20,17,Aston Villa,35,22.4,5.2,11.8,1.6,44.0,0.0,12.0,3.9,1.8,1.08,1.78,-26.0,,,,,,,,,,,,,,,,,,,,,,,,,,,,,,,,,,,,,156.0,0.017130846725043322,,,,,,,,,159.5,3.0,-156.5,0.08805149494324957,0.003200238951175021,0.1790597361586252,,
197,19/20,18,AFC Bournemouth,34,24.7,5.1,9.7,1.8,44.3,0.1,10.2,3.1,2.0,1.0,1.73,-27.0,,,,,,,,,,,,,,,,,,,,,,,,,,,,,,,,,,,,,320.0,0.035140198410345276,,,,,,,,,54.91,34.63,-20.279999999999994,0.03031290023406792,0.036941424959730323,0.02320339584215283,,
198,19/20,19,Watford,34,22.1,4.3,12.7,1.8,42.3,0.1,10.9,3.1,2.0,0.92,1.65,-27.0,,,,,,,,,,,,,,,,,,,,,,,,,,,,,,,,,,,,,245.35,0.026942648999931918,,,,,,,,,56.0,25.4,-30.6,0.030914631453429316,0.02709535645328184,0.03501104106360339,,
199,19/20,20,Norwich City,21,23.4,4.4,9.7,1.3,49.9,0.1,10.9,3.4,1.8,0.7,1.89,-44.0,,,,,,,,,,,,,,,,,,,,,,,,,,,,,,,,,,,,,90.6,0.009949068674929007,,,,,,,,,8.82,2.2,-6.62,0.0048690544539151176,0.0023468418975283486,0.007574284047093283,,
